{
	"credit": "Made with Blockbench by GalaxyLinus",
	"textures": {
		"0": "custom/lazer_gun",
		"particle": "custom/lazer_gun"
	},
	"elements": [
		{
			"name": "lazer_gun_0",
			"from": [7.5, 1.25, -0.11111],
			"to": [8.5, 2.25, 2.88889],
			"rotation": {"angle": 0, "axis": "z", "origin": [8.5, 0.25, -0.11111]},
			"faces": {
				"north": {"uv": [2, 0, 1, 1], "rotation": 90, "texture": "#0"},
				"east": {"uv": [1, 3, 2, 0], "rotation": 270, "texture": "#0"},
				"south": {"uv": [1, 2, 2, 3], "rotation": 270, "texture": "#0"},
				"west": {"uv": [1, 0, 2, 3], "rotation": 270, "texture": "#0"},
				"up": {"uv": [1, 0, 2, 3], "texture": "#0"},
				"down": {"uv": [1, 0, 2, 3], "rotation": 180, "texture": "#0"}
			}
		},
		{
			"name": "lazer_gun_1",
			"from": [7.5, 0.25, 0.88889],
			"to": [8.5, 1.25, 1.88889],
			"rotation": {"angle": 0, "axis": "z", "origin": [8.5, 0.25, -0.11111]},
			"faces": {
				"north": {"uv": [1, 1, 0, 2], "rotation": 90, "texture": "#0"},
				"east": {"uv": [0, 2, 1, 1], "rotation": 270, "texture": "#0"},
				"south": {"uv": [0, 1, 1, 2], "rotation": 270, "texture": "#0"},
				"west": {"uv": [0, 1, 1, 2], "rotation": 270, "texture": "#0"},
				"up": {"uv": [0, 1, 1, 2], "texture": "#0"},
				"down": {"uv": [0, 1, 1, 2], "rotation": 180, "texture": "#0"}
			}
		},
		{
			"name": "lazer_gun_2",
			"from": [7.5, 2.25, 0.88889],
			"to": [8.5, 3.25, 3.88889],
			"rotation": {"angle": 0, "axis": "z", "origin": [8.5, 0.25, -0.11111]},
			"faces": {
				"north": {"uv": [3, 1, 2, 2], "rotation": 90, "texture": "#0"},
				"east": {"uv": [2, 4, 3, 1], "rotation": 270, "texture": "#0"},
				"south": {"uv": [2, 3, 3, 4], "rotation": 270, "texture": "#0"},
				"west": {"uv": [2, 1, 3, 4], "rotation": 270, "texture": "#0"},
				"up": {"uv": [2, 1, 3, 4], "texture": "#0"},
				"down": {"uv": [2, 1, 3, 4], "rotation": 180, "texture": "#0"}
			}
		},
		{
			"name": "lazer_gun_3",
			"from": [7.5, 3.25, 1.88889],
			"to": [8.5, 4.25, 6.88889],
			"rotation": {"angle": 0, "axis": "z", "origin": [8.5, 0.25, -0.11111]},
			"faces": {
				"north": {"uv": [4, 2, 3, 3], "rotation": 90, "texture": "#0"},
				"east": {"uv": [3, 7, 4, 2], "rotation": 270, "texture": "#0"},
				"south": {"uv": [3, 6, 4, 7], "rotation": 270, "texture": "#0"},
				"west": {"uv": [3, 2, 4, 7], "rotation": 270, "texture": "#0"},
				"up": {"uv": [3, 2, 4, 7], "texture": "#0"},
				"down": {"uv": [3, 2, 4, 7], "rotation": 180, "texture": "#0"}
			}
		},
		{
			"name": "lazer_gun_4",
			"from": [7.5, 4.25, 2.88889],
			"to": [8.5, 6.25, 7.88889],
			"rotation": {"angle": 0, "axis": "z", "origin": [8.5, 0.25, -0.11111]},
			"faces": {
				"north": {"uv": [6, 3, 4, 4], "rotation": 90, "texture": "#0"},
				"east": {"uv": [4, 8, 6, 3], "rotation": 270, "texture": "#0"},
				"south": {"uv": [4, 7, 6, 8], "rotation": 270, "texture": "#0"},
				"west": {"uv": [4, 3, 6, 8], "rotation": 270, "texture": "#0"},
				"up": {"uv": [5, 3, 6, 8], "texture": "#0"},
				"down": {"uv": [4, 3, 5, 8], "rotation": 180, "texture": "#0"}
			}
		},
		{
			"name": "lazer_gun_5",
			"from": [7.5, 6.25, 3.88889],
			"to": [8.5, 7.25, 8.88889],
			"rotation": {"angle": 0, "axis": "z", "origin": [8.5, 0.25, -0.11111]},
			"faces": {
				"north": {"uv": [7, 4, 6, 5], "rotation": 90, "texture": "#0"},
				"east": {"uv": [6, 9, 7, 4], "rotation": 270, "texture": "#0"},
				"south": {"uv": [6, 8, 7, 9], "rotation": 270, "texture": "#0"},
				"west": {"uv": [6, 4, 7, 9], "rotation": 270, "texture": "#0"},
				"up": {"uv": [6, 4, 7, 9], "texture": "#0"},
				"down": {"uv": [6, 4, 7, 9], "rotation": 180, "texture": "#0"}
			}
		},
		{
			"name": "lazer_gun_6",
			"from": [7.5, 2.25, 4.88889],
			"to": [8.5, 3.25, 5.88889],
			"rotation": {"angle": 0, "axis": "z", "origin": [8.5, 0.25, -0.11111]},
			"faces": {
				"north": {"uv": [3, 5, 2, 6], "rotation": 90, "texture": "#0"},
				"east": {"uv": [2, 6, 3, 5], "rotation": 270, "texture": "#0"},
				"south": {"uv": [2, 5, 3, 6], "rotation": 270, "texture": "#0"},
				"west": {"uv": [2, 5, 3, 6], "rotation": 270, "texture": "#0"},
				"up": {"uv": [2, 5, 3, 6], "texture": "#0"},
				"down": {"uv": [2, 5, 3, 6], "rotation": 180, "texture": "#0"}
			}
		},
		{
			"name": "lazer_gun_7",
			"from": [7.5, 7.25, 4.88889],
			"to": [8.5, 8.25, 8.88889],
			"rotation": {"angle": 0, "axis": "z", "origin": [8.5, 0.25, -0.11111]},
			"faces": {
				"north": {"uv": [8, 5, 7, 6], "rotation": 90, "texture": "#0"},
				"east": {"uv": [7, 9, 8, 5], "rotation": 270, "texture": "#0"},
				"south": {"uv": [7, 8, 8, 9], "rotation": 270, "texture": "#0"},
				"west": {"uv": [7, 5, 8, 9], "rotation": 270, "texture": "#0"},
				"up": {"uv": [7, 5, 8, 9], "texture": "#0"},
				"down": {"uv": [7, 5, 8, 9], "rotation": 180, "texture": "#0"}
			}
		},
		{
			"name": "lazer_gun_8",
			"from": [7.5, 8.25, 5.88889],
			"to": [8.5, 9.25, 9.88889],
			"rotation": {"angle": 0, "axis": "z", "origin": [8.5, 0.25, -0.11111]},
			"faces": {
				"north": {"uv": [9, 6, 8, 7], "rotation": 90, "texture": "#0"},
				"east": {"uv": [8, 10, 9, 6], "rotation": 270, "texture": "#0"},
				"south": {"uv": [8, 9, 9, 10], "rotation": 270, "texture": "#0"},
				"west": {"uv": [8, 6, 9, 10], "rotation": 270, "texture": "#0"},
				"up": {"uv": [8, 6, 9, 10], "texture": "#0"},
				"down": {"uv": [8, 6, 9, 10], "rotation": 180, "texture": "#0"}
			}
		},
		{
			"name": "lazer_gun_9",
			"from": [7.5, 9.25, 6.88889],
			"to": [8.5, 10.25, 13.88889],
			"rotation": {"angle": 0, "axis": "z", "origin": [8.5, 0.25, -0.11111]},
			"faces": {
				"north": {"uv": [10, 7, 9, 8], "rotation": 90, "texture": "#0"},
				"east": {"uv": [9, 14, 10, 7], "rotation": 270, "texture": "#0"},
				"south": {"uv": [9, 13, 10, 14], "rotation": 270, "texture": "#0"},
				"west": {"uv": [9, 7, 10, 14], "rotation": 270, "texture": "#0"},
				"up": {"uv": [9, 7, 10, 14], "texture": "#0"},
				"down": {"uv": [9, 7, 10, 14], "rotation": 180, "texture": "#0"}
			}
		},
		{
			"name": "lazer_gun_10",
			"from": [7.5, 5.25, 7.88889],
			"to": [8.5, 6.25, 8.88889],
			"rotation": {"angle": 0, "axis": "z", "origin": [8.5, 0.25, -0.11111]},
			"faces": {
				"north": {"uv": [6, 8, 5, 9], "rotation": 90, "texture": "#0"},
				"east": {"uv": [5, 9, 6, 8], "rotation": 270, "texture": "#0"},
				"south": {"uv": [5, 8, 6, 9], "rotation": 270, "texture": "#0"},
				"west": {"uv": [5, 8, 6, 9], "rotation": 270, "texture": "#0"},
				"up": {"uv": [5, 8, 6, 9], "texture": "#0"},
				"down": {"uv": [5, 8, 6, 9], "rotation": 180, "texture": "#0"}
			}
		},
		{
			"name": "lazer_gun_11",
			"from": [7.5, 10.25, 7.88889],
			"to": [8.5, 11.25, 12.88889],
			"rotation": {"angle": 0, "axis": "z", "origin": [8.5, 0.25, -0.11111]},
			"faces": {
				"north": {"uv": [11, 8, 10, 9], "rotation": 90, "texture": "#0"},
				"east": {"uv": [10, 13, 11, 8], "rotation": 270, "texture": "#0"},
				"south": {"uv": [10, 12, 11, 13], "rotation": 270, "texture": "#0"},
				"west": {"uv": [10, 8, 11, 13], "rotation": 270, "texture": "#0"},
				"up": {"uv": [10, 8, 11, 13], "texture": "#0"},
				"down": {"uv": [10, 8, 11, 13], "rotation": 180, "texture": "#0"}
			}
		},
		{
			"name": "lazer_gun_12",
			"from": [7.5, 11.25, 8.88889],
			"to": [8.5, 12.25, 11.88889],
			"rotation": {"angle": 0, "axis": "z", "origin": [8.5, 0.25, -0.11111]},
			"faces": {
				"north": {"uv": [12, 9, 11, 10], "rotation": 90, "texture": "#0"},
				"east": {"uv": [11, 12, 12, 9], "rotation": 270, "texture": "#0"},
				"south": {"uv": [11, 11, 12, 12], "rotation": 270, "texture": "#0"},
				"west": {"uv": [11, 9, 12, 12], "rotation": 270, "texture": "#0"},
				"up": {"uv": [11, 9, 12, 12], "texture": "#0"},
				"down": {"uv": [11, 9, 12, 12], "rotation": 180, "texture": "#0"}
			}
		},
		{
			"name": "lazer_gun_13",
			"from": [7.5, 12.25, 9.88889],
			"to": [8.5, 13.25, 12.88889],
			"rotation": {"angle": 0, "axis": "z", "origin": [8.5, 0.25, -0.11111]},
			"faces": {
				"north": {"uv": [13, 10, 12, 11], "rotation": 90, "texture": "#0"},
				"east": {"uv": [12, 13, 13, 10], "rotation": 270, "texture": "#0"},
				"south": {"uv": [12, 12, 13, 13], "rotation": 270, "texture": "#0"},
				"west": {"uv": [12, 10, 13, 13], "rotation": 270, "texture": "#0"},
				"up": {"uv": [12, 10, 13, 13], "texture": "#0"},
				"down": {"uv": [12, 10, 13, 13], "rotation": 180, "texture": "#0"}
			}
		},
		{
			"name": "lazer_gun_14",
			"from": [7.5, 8.25, 10.88889],
			"to": [8.5, 9.25, 12.88889],
			"rotation": {"angle": 0, "axis": "z", "origin": [8.5, 0.25, -0.11111]},
			"faces": {
				"north": {"uv": [9, 11, 8, 12], "rotation": 90, "texture": "#0"},
				"east": {"uv": [8, 13, 9, 11], "rotation": 270, "texture": "#0"},
				"south": {"uv": [8, 12, 9, 13], "rotation": 270, "texture": "#0"},
				"west": {"uv": [8, 11, 9, 13], "rotation": 270, "texture": "#0"},
				"up": {"uv": [8, 11, 9, 13], "texture": "#0"},
				"down": {"uv": [8, 11, 9, 13], "rotation": 180, "texture": "#0"}
			}
		},
		{
			"name": "lazer_gun_15",
			"from": [7.5, 13.25, 10.88889],
			"to": [8.5, 14.25, 14.88889],
			"rotation": {"angle": 0, "axis": "z", "origin": [8.5, 0.25, -0.11111]},
			"faces": {
				"north": {"uv": [14, 11, 13, 12], "rotation": 90, "texture": "#0"},
				"east": {"uv": [13, 15, 14, 11], "rotation": 270, "texture": "#0"},
				"south": {"uv": [13, 14, 14, 15], "rotation": 270, "texture": "#0"},
				"west": {"uv": [13, 11, 14, 15], "rotation": 270, "texture": "#0"},
				"up": {"uv": [13, 11, 14, 15], "texture": "#0"},
				"down": {"uv": [13, 11, 14, 15], "rotation": 180, "texture": "#0"}
			}
		},
		{
			"name": "lazer_gun_16",
			"from": [7.5, 14.25, 11.88889],
			"to": [8.5, 15.25, 14.88889],
			"rotation": {"angle": 0, "axis": "z", "origin": [8.5, 0.25, -0.11111]},
			"faces": {
				"north": {"uv": [15, 12, 14, 13], "rotation": 90, "texture": "#0"},
				"east": {"uv": [14, 15, 15, 12], "rotation": 270, "texture": "#0"},
				"south": {"uv": [14, 14, 15, 15], "rotation": 270, "texture": "#0"},
				"west": {"uv": [14, 12, 15, 15], "rotation": 270, "texture": "#0"},
				"up": {"uv": [14, 12, 15, 15], "texture": "#0"},
				"down": {"uv": [14, 12, 15, 15], "rotation": 180, "texture": "#0"}
			}
		},
		{
			"name": "lazer_gun_17",
			"from": [7.5, 15.25, 12.88889],
			"to": [8.5, 16.25, 13.88889],
			"rotation": {"angle": 0, "axis": "z", "origin": [8.5, 0.25, -0.11111]},
			"faces": {
				"north": {"uv": [16, 13, 15, 14], "rotation": 90, "texture": "#0"},
				"east": {"uv": [15, 14, 16, 13], "rotation": 270, "texture": "#0"},
				"south": {"uv": [15, 13, 16, 14], "rotation": 270, "texture": "#0"},
				"west": {"uv": [15, 13, 16, 14], "rotation": 270, "texture": "#0"},
				"up": {"uv": [15, 13, 16, 14], "texture": "#0"},
				"down": {"uv": [15, 13, 16, 14], "rotation": 180, "texture": "#0"}
			}
		}
	],
	"display": {
		"thirdperson_righthand": {
			"rotation": [50, 0, 0],
			"translation": [0, 2, -0.75],
			"scale": [0.85, 0.85, 0.85]
		},
		"thirdperson_lefthand": {
			"rotation": [50, 0, 0],
			"translation": [0, 2, -0.75],
			"scale": [0.85, 0.85, 0.85]
		},
		"firstperson_righthand": {
			"rotation": [50, 0, 0],
			"translation": [0, 2, -0.75],
			"scale": [0.85, 0.85, 0.85]
		},
		"firstperson_lefthand": {
			"rotation": [50, 0, 0],
			"translation": [0, 2, -0.75],
			"scale": [0.85, 0.85, 0.85]
		},
		"ground": {
			"translation": [0, 2.5, 0],
			"scale": [0.8, 0.8, 0.8]
		},
		"gui": {
			"rotation": [0, 90, 0],
			"scale": [0.9, 0.9, 0.9]
		},
		"fixed": {
			"rotation": [0, 90, 0]
		}
	},
	"groups": [
		{
			"name": "lazer_gun",
			"origin": [8, 8, 8],
			"color": 0,
			"children": [0, 1, 2, 3, 4, 5, 6, 7, 8, 9, 10, 11, 12, 13, 14, 15, 16, 17]
		}
	]
}