{
	"credit": "Made with Blockbench by GalaxyLinus",
	"texture_size": [32, 32],
	"textures": {
		"0": "custom/nc_headphones",
		"particle": "custom/nc_headphones"
	},
	"elements": [
		{
			"name": "right_earcup",
			"from": [2, 3.7, 6],
			"to": [4, 7.7, 10],
			"rotation": {"angle": 0, "axis": "y", "origin": [0, -9.3, 0]},
			"faces": {
				"north": {"uv": [2, 3.5, 3, 5.5], "texture": "#0"},
				"east": {"uv": [0, 3.5, 2, 5.5], "texture": "#0"},
				"south": {"uv": [5, 3.5, 6, 5.5], "texture": "#0"},
				"west": {"uv": [3, 3.5, 5, 5.5], "texture": "#0"},
				"up": {"uv": [3, 3.5, 2, 1.5], "texture": "#0"},
				"down": {"uv": [4, 1.5, 3, 3.5], "texture": "#0"}
			}
		},
		{
			"name": "left_earcup",
			"from": [12, 3.7, 6],
			"to": [14, 7.7, 10],
			"rotation": {"angle": 0, "axis": "y", "origin": [16, -9.3, 0]},
			"faces": {
				"north": {"uv": [6, 5.5, 7, 7.5], "texture": "#0"},
				"east": {"uv": [4, 5.5, 6, 7.5], "texture": "#0"},
				"south": {"uv": [9, 5.5, 10, 7.5], "texture": "#0"},
				"west": {"uv": [7, 5.5, 9, 7.5], "texture": "#0"},
				"up": {"uv": [7, 5.5, 6, 3.5], "texture": "#0"},
				"down": {"uv": [8, 3.5, 7, 5.5], "texture": "#0"}
			}
		},
		{
			"name": "band1",
			"from": [3, 6.7, 7],
			"to": [4, 9.2, 9],
			"rotation": {"angle": 0, "axis": "y", "origin": [0, -9.3, 0]},
			"faces": {
				"north": {"uv": [1, 6.5, 1.5, 7.5], "texture": "#0"},
				"east": {"uv": [0, 6.5, 1, 7.5], "texture": "#0"},
				"south": {"uv": [2.5, 6.5, 3, 7.5], "texture": "#0"},
				"west": {"uv": [1.5, 6.5, 2.5, 7.5], "texture": "#0"},
				"up": {"uv": [1.5, 6.5, 1, 5.5], "texture": "#0"},
				"down": {"uv": [2, 5.5, 1.5, 6.5], "texture": "#0"}
			}
		},
		{
			"name": "band2",
			"from": [12, 6.7, 7],
			"to": [13, 9.2, 9],
			"rotation": {"angle": 0, "axis": "y", "origin": [0, -9.3, 0]},
			"faces": {
				"north": {"uv": [3, 8.5, 3.5, 9.5], "texture": "#0"},
				"east": {"uv": [2, 8.5, 3, 9.5], "texture": "#0"},
				"south": {"uv": [4.5, 8.5, 5, 9.5], "texture": "#0"},
				"west": {"uv": [3.5, 8.5, 4.5, 9.5], "texture": "#0"},
				"up": {"uv": [3.5, 8.5, 3, 7.5], "texture": "#0"},
				"down": {"uv": [4, 7.5, 3.5, 8.5], "texture": "#0"}
			}
		},
		{
			"name": "band3",
			"from": [3, 9.2, 7],
			"to": [13, 10.2, 9],
			"rotation": {"angle": 0, "axis": "y", "origin": [0, -8.8, 0]},
			"faces": {
				"north": {"uv": [1, 1, 6, 1.5], "texture": "#0"},
				"east": {"uv": [0, 1, 1, 1.5], "texture": "#0"},
				"south": {"uv": [7, 1, 12, 1.5], "texture": "#0"},
				"west": {"uv": [6, 1, 7, 1.5], "texture": "#0"},
				"up": {"uv": [6, 1, 1, 0], "texture": "#0"},
				"down": {"uv": [11, 0, 6, 1], "texture": "#0"}
			}
		}
	],
	"display": {
		"thirdperson_righthand": {
			"rotation": [90, 0, 0],
			"translation": [0, 0, 0.75],
			"scale": [0.5, 0.5, 0.5]
		},
		"thirdperson_lefthand": {
			"rotation": [90, 0, 0],
			"translation": [0, 0, 0.75],
			"scale": [0.5, 0.5, 0.5]
		},
		"firstperson_righthand": {
			"rotation": [0, -90, 25],
			"translation": [1.13, 3.2, 1.13],
			"scale": [0.68, 0.68, 0.68]
		},
		"firstperson_lefthand": {
			"rotation": [0, 90, -25],
			"translation": [1.13, 3.2, 1.13],
			"scale": [0.68, 0.68, 0.68]
		},
		"ground": {
			"scale": [0.5, 0.5, 0.5]
		},
		"gui": {
			"rotation": [30, 225, 0],
			"translation": [0, 1, 0],
			"scale": [0.8, 0.8, 0.8]
		},
		"head": {
			"translation": [0, 4, 0],
			"scale": [1.6, 2, 2]
		},
		"fixed": {
			"translation": [0, 2, -1]
		}
	}
}