{
    "type": "minecraft:crafting_shapeless",
    "ingredients": [
        {
            "item": "minecraft:leather_helmet"
        },
        {
            "item": "minecraft:leather_chestplate"
        },
        {
            "item": "minecraft:leather_leggings"
        },
        {
            "item": "minecraft:netherite_ingot"
        },
        {
            "item": "minecraft:nether_star"
        },
        {
            "item": "minecraft:leather_boots"
        },
        {
            "item": "minecraft:netherite_ingot"
        },
        {
            "item": "minecraft:netherite_ingot"
        },
        {
            "item": "minecraft:netherite_ingot"
        }
    ],
    "result": {
        "item": "minecraft:jigsaw",
        "count": 1
    }
}