{
	"credit": "Made with Blockbench by GalaxyLinus",
	"texture_size": [64, 64],
	"textures": {
		"0": "custom/oak_planks",
		"particle": "custom/oak_planks"
	},
	"elements": [
		{
			"name": "top",
			"from": [0, 14, -16],
			"to": [16, 16, 32],
			"faces": {
				"north": {"uv": [0, 0.75, 0.5, 4.75], "rotation": 90, "texture": "#0"},
				"east": {"uv": [0, 4, 12, 4.5], "texture": "#0"},
				"south": {"uv": [0, 0, 0.5, 4], "rotation": 90, "texture": "#0"},
				"west": {"uv": [0, 2.25, 12, 2.75], "texture": "#0"},
				"up": {"uv": [0, 0, 12, 4], "rotation": 90, "texture": "#0"},
				"down": {"uv": [0, 5, 12, 9], "rotation": 90, "texture": "#0"}
			}
		},
		{
			"name": "seats1",
			"from": [18, 6, -16],
			"to": [26, 8, 32],
			"rotation": {"angle": 0, "axis": "y", "origin": [-1, 0, 0]},
			"faces": {
				"north": {"uv": [6.75, 1.5, 7.25, 3.5], "rotation": 270, "texture": "#0"},
				"east": {"uv": [0, 2.25, 12, 2.75], "texture": "#0"},
				"south": {"uv": [5.75, 1.5, 6.25, 3.5], "rotation": 90, "texture": "#0"},
				"west": {"uv": [0, 7.25, 12, 7.75], "texture": "#0"},
				"up": {"uv": [0, 0.5, 12, 2.5], "rotation": 90, "texture": "#0"},
				"down": {"uv": [0, 3, 12, 5], "rotation": 90, "texture": "#0"}
			}
		},
		{
			"name": "seats2",
			"from": [-10, 6, -16],
			"to": [-2, 8, 32],
			"rotation": {"angle": 0, "axis": "y", "origin": [17, 0, 0]},
			"faces": {
				"north": {"uv": [6.75, 3.25, 7.25, 1.25], "rotation": 270, "texture": "#0"},
				"east": {"uv": [12, 7.25, 0, 7.75], "texture": "#0"},
				"south": {"uv": [7.5, 3.25, 8, 1.25], "rotation": 90, "texture": "#0"},
				"west": {"uv": [12, 2.25, 0, 2.75], "texture": "#0"},
				"up": {"uv": [0, 4.25, 12, 2.25], "rotation": 90, "texture": "#0"},
				"down": {"uv": [0, 7.25, 12, 5.25], "rotation": 90, "texture": "#0"}
			}
		},
		{
			"name": "leg1",
			"from": [12, -4, -14],
			"to": [15, 13, -13],
			"rotation": {"angle": 22.5, "axis": "z", "origin": [7.5, 6.5, -11.5]},
			"faces": {
				"north": {"uv": [0, 0, 0.75, 4.25], "texture": "#0"},
				"east": {"uv": [1.75, 0, 2, 4.25], "texture": "#0"},
				"south": {"uv": [1, 0, 1.75, 4.25], "texture": "#0"},
				"west": {"uv": [0.75, 0, 1, 4.25], "texture": "#0"},
				"down": {"uv": [0, 4.25, 0.75, 4.5], "texture": "#0"}
			}
		},
		{
			"name": "leg2",
			"from": [1, -4, -14],
			"to": [4, 13, -13],
			"rotation": {"angle": -22.5, "axis": "z", "origin": [8.5, 6.5, -11.5]},
			"faces": {
				"north": {"uv": [3, 0, 2.25, 4.25], "texture": "#0"},
				"east": {"uv": [3.25, 0, 3, 4.25], "texture": "#0"},
				"south": {"uv": [4, 0, 3.25, 4.25], "texture": "#0"},
				"west": {"uv": [4.25, 0, 4, 4.25], "texture": "#0"},
				"down": {"uv": [3, 4.25, 2.25, 4.5], "texture": "#0"}
			}
		},
		{
			"name": "plank1",
			"from": [-10, 3, -15],
			"to": [26, 6, -14],
			"faces": {
				"north": {"uv": [2.5, 0.75, 3.25, 9.75], "rotation": 90, "texture": "#0"},
				"east": {"uv": [0, 0, 0.75, 0.25], "rotation": 90, "texture": "#0"},
				"south": {"uv": [3.75, 0, 4.5, 9], "rotation": 90, "texture": "#0"},
				"west": {"uv": [0, 0, 0.75, 0.25], "rotation": 90, "texture": "#0"},
				"up": {"uv": [4.25, 0, 4.5, 9], "rotation": 90, "texture": "#0"},
				"down": {"uv": [5, 0, 5.25, 9], "rotation": 90, "texture": "#0"}
			}
		},
		{
			"name": "leg2",
			"from": [12, -4, 29],
			"to": [15, 13, 30],
			"rotation": {"angle": 22.5, "axis": "z", "origin": [7.5, 6.5, 27.5]},
			"faces": {
				"north": {"uv": [1.75, 0, 1, 4.25], "texture": "#0"},
				"east": {"uv": [2, 0, 1.75, 4.25], "texture": "#0"},
				"south": {"uv": [0.75, 0, 0, 4.25], "texture": "#0"},
				"west": {"uv": [1, 0, 0.75, 4.25], "texture": "#0"},
				"down": {"uv": [0, 4.5, 0.75, 4.25], "texture": "#0"}
			}
		},
		{
			"name": "leg3",
			"from": [1, -4, 29],
			"to": [4, 13, 30],
			"rotation": {"angle": -22.5, "axis": "z", "origin": [8.5, 6.5, 27.5]},
			"faces": {
				"north": {"uv": [3.25, 0, 4, 4.25], "texture": "#0"},
				"east": {"uv": [3, 0, 3.25, 4.25], "texture": "#0"},
				"south": {"uv": [2.25, 0, 3, 4.25], "texture": "#0"},
				"west": {"uv": [4, 0, 4.25, 4.25], "texture": "#0"},
				"down": {"uv": [3, 4.5, 2.25, 4.25], "texture": "#0"}
			}
		},
		{
			"name": "plank2",
			"from": [-10, 3, 30],
			"to": [26, 6, 31],
			"rotation": {"angle": 0, "axis": "y", "origin": [0, 0, 16]},
			"faces": {
				"north": {"uv": [3.75, 9, 4.5, 0], "rotation": 90, "texture": "#0"},
				"east": {"uv": [0, 0.25, 0.75, 0], "rotation": 90, "texture": "#0"},
				"south": {"uv": [2.5, 9.75, 3.25, 0.75], "rotation": 90, "texture": "#0"},
				"west": {"uv": [0, 0.25, 0.75, 0], "rotation": 90, "texture": "#0"},
				"up": {"uv": [4.5, 0, 4.25, 9], "rotation": 90, "texture": "#0"},
				"down": {"uv": [5.25, 0, 5, 9], "rotation": 90, "texture": "#0"}
			}
		},
		{
			"name": "plank5",
			"from": [7.49, 11.09847, 4.90925],
			"to": [8.51, 14.09847, 10.90925],
			"rotation": {"angle": 0, "axis": "x", "origin": [0, 0, 16]},
			"faces": {
				"north": {"uv": [8.25, 12.75, 8.5, 12], "texture": "#0"},
				"east": {"uv": [11.75, 2, 12.5, 0.5], "rotation": 90, "texture": "#0"},
				"south": {"uv": [2.25, 0.75, 2.5, 0], "texture": "#0"},
				"west": {"uv": [3.5, 2, 4.25, 0.5], "rotation": 90, "texture": "#0"},
				"down": {"uv": [5, 2.5, 5.25, 1], "texture": "#0"}
			}
		},
		{
			"name": "plank4",
			"from": [7.5, 8.09847, 4.90925],
			"to": [8.5, 11.09847, 26.90925],
			"rotation": {"angle": 22.5, "axis": "x", "origin": [0, 0, 16]},
			"faces": {
				"east": {"uv": [11.5, 5.75, 12.25, 0.25], "rotation": 90, "texture": "#0"},
				"south": {"uv": [2.25, 0.75, 2.5, 0], "texture": "#0"},
				"west": {"uv": [3.5, 5.5, 4.25, 0], "rotation": 90, "texture": "#0"},
				"up": {"uv": [6.25, 5.75, 6.5, 0.25], "texture": "#0"},
				"down": {"uv": [5, 6.5, 5.25, 1], "texture": "#0"}
			}
		},
		{
			"name": "plank3",
			"from": [7.5, 8.09847, -10.90925],
			"to": [8.5, 11.09847, 11.09075],
			"rotation": {"angle": -22.5, "axis": "x", "origin": [0, 0, 0]},
			"faces": {
				"north": {"uv": [13, 0, 13.25, 0.75], "texture": "#0"},
				"east": {"uv": [0, 0.25, 0.75, 5.75], "rotation": 90, "texture": "#0"},
				"west": {"uv": [0, 0, 0.75, 5.5], "rotation": 90, "texture": "#0"},
				"up": {"uv": [8.5, 0.25, 8.75, 5.75], "texture": "#0"},
				"down": {"uv": [8.75, 1, 9, 6.5], "texture": "#0"}
			}
		}
	],
	"display": {
		"thirdperson_righthand": {
			"rotation": [75, 45, 0],
			"translation": [0, 2.5, 0],
			"scale": [0.1, 0.1, 0.1]
		},
		"thirdperson_lefthand": {
			"rotation": [75, 45, 0],
			"translation": [0, 2.5, 0],
			"scale": [0.1, 0.1, 0.1]
		},
		"firstperson_righthand": {
			"rotation": [0, 45, 0],
			"scale": [0.2, 0.2, 0.2]
		},
		"firstperson_lefthand": {
			"rotation": [0, 45, 0],
			"scale": [0.2, 0.2, 0.2]
		},
		"ground": {
			"translation": [0, 0.5, 0],
			"scale": [0.25, 0.25, 0.25]
		},
		"gui": {
			"rotation": [30, 225, 0],
			"scale": [0.25, 0.25, 0.25]
		},
		"head": {
			"translation": [0, 8.5, 0],
			"scale": [0.26, 0.26, 0.26]
		},
		"fixed": {
			"rotation": [0, 90, 0],
			"scale": [0.3, 0.3, 0.3]
		}
	},
	"groups": [0, 1, 2,
		{
			"name": "legs1",
			"origin": [0, 0, 0],
			"children": [3, 4, 5]
		},
		{
			"name": "legs2",
			"origin": [0, 0, 0],
			"children": [6, 7, 8]
		},
		{
			"name": "middle",
			"origin": [0, 0, 0],
			"children": [9, 10, 11]
		}
	]
}