{
	"credit": "Made with Blockbench by GalaxyLinus",
	"texture_size": [64, 64],
	"textures": {
		"0": "custom/tent",
		"1": "custom/stick",
		"particle": "custom/tent"
	},
	"elements": [
		{
			"name": "middle",
			"from": [-8.001, 26.25, 7.5],
			"to": [24.001, 28.25, 8.5],
			"rotation": {"angle": 0, "axis": "y", "origin": [8, 28.8316, 7.59875]},
			"faces": {
				"north": {"uv": [0, 5.25, 16, 6.25], "texture": "#0"},
				"east": {"uv": [5.25, 2.75, 5.75, 3.75], "texture": "#0"},
				"south": {"uv": [0, 4, 16, 5], "texture": "#0"},
				"west": {"uv": [2.25, 1, 2.75, 2], "texture": "#0"},
				"up": {"uv": [0, 3.5, 16, 4], "texture": "#0"},
				"down": {"uv": [0, 5.25, 16, 5.75], "texture": "#0"}
			}
		},
		{
			"name": "side1",
			"from": [-8, -1, -4],
			"to": [24, 30, -3],
			"rotation": {"angle": 22.5, "axis": "x", "origin": [8, 0, -3]},
			"faces": {
				"north": {"uv": [0, 0, 16, 15.5], "texture": "#0"},
				"east": {"uv": [1.75, 0, 2.25, 15.5], "texture": "#0"},
				"south": {"uv": [0, 0, 16, 15.5], "texture": "#0"},
				"west": {"uv": [3.75, 0, 4.25, 15.5], "texture": "#0"},
				"up": {"uv": [0, 0, 8, 0.25], "texture": "#0"},
				"down": {"uv": [0, 0, 8, 0.25], "texture": "#0"}
			}
		},
		{
			"name": "stick1",
			"from": [-5.999, -5.6661, 18],
			"to": [-4.999, 24.8339, 19],
			"rotation": {"angle": -22.5, "axis": "x", "origin": [-7, 0, 7]},
			"faces": {
				"north": {"uv": [0, 0, 15.25, 0.5], "rotation": 90, "texture": "#1"},
				"east": {"uv": [0, 0.5, 15.25, 1], "rotation": 90, "texture": "#1"},
				"south": {"uv": [0, 0.5, 15.25, 1], "rotation": 90, "texture": "#1"},
				"west": {"uv": [0, 0, 15.25, 0.5], "rotation": 90, "texture": "#1"},
				"up": {"uv": [4.75, 0, 5.25, 0.5], "texture": "#1"},
				"down": {"uv": [7.25, 0.5, 7.75, 1], "texture": "#1"}
			}
		},
		{
			"name": "stick2",
			"from": [20.999, -5.6661, 18],
			"to": [21.999, 24.8339, 19],
			"rotation": {"angle": -22.5, "axis": "x", "origin": [23, 0, 7]},
			"faces": {
				"north": {"uv": [0, 0.5, 15.25, 0], "rotation": 90, "texture": "#1"},
				"east": {"uv": [0, 0.5, 15.25, 0], "rotation": 90, "texture": "#1"},
				"south": {"uv": [0, 1, 15.25, 0.5], "rotation": 90, "texture": "#1"},
				"west": {"uv": [0, 1, 15.25, 0.5], "rotation": 90, "texture": "#1"},
				"up": {"uv": [5.25, 0, 4.75, 0.5], "texture": "#1"},
				"down": {"uv": [7.75, 0.5, 7.25, 1], "texture": "#1"}
			}
		},
		{
			"name": "stick3",
			"from": [0.999, -5.6661, 18],
			"to": [1.999, 24.8339, 19],
			"rotation": {"angle": -22.5, "axis": "x", "origin": [23, 0, 7]},
			"faces": {
				"north": {"uv": [0, 0.5, 15.25, 0], "rotation": 90, "texture": "#1"},
				"east": {"uv": [0, 0.5, 15.25, 0], "rotation": 90, "texture": "#1"},
				"south": {"uv": [0, 1, 15.25, 0.5], "rotation": 90, "texture": "#1"},
				"west": {"uv": [0, 1, 15.25, 0.5], "rotation": 90, "texture": "#1"},
				"up": {"uv": [5.25, 0, 4.75, 0.5], "texture": "#1"},
				"down": {"uv": [7.75, 0.5, 7.25, 1], "texture": "#1"}
			}
		},
		{
			"name": "stick4",
			"from": [14.001, -5.6661, 18],
			"to": [15.001, 24.8339, 19],
			"rotation": {"angle": -22.5, "axis": "x", "origin": [-7, 0, 7]},
			"faces": {
				"north": {"uv": [0, 0, 15.25, 0.5], "rotation": 90, "texture": "#1"},
				"east": {"uv": [0, 0.5, 15.25, 1], "rotation": 90, "texture": "#1"},
				"south": {"uv": [0, 0.5, 15.25, 1], "rotation": 90, "texture": "#1"},
				"west": {"uv": [0, 0, 15.25, 0.5], "rotation": 90, "texture": "#1"},
				"up": {"uv": [4.75, 0, 5.25, 0.5], "texture": "#1"},
				"down": {"uv": [7.25, 0.5, 7.75, 1], "texture": "#1"}
			}
		},
		{
			"name": "stick5",
			"from": [7.5, -5.6661, 18],
			"to": [8.5, 24.8339, 19],
			"rotation": {"angle": -22.5, "axis": "x", "origin": [-6.501, 0, 7]},
			"faces": {
				"north": {"uv": [0, 0, 15.25, 0.5], "rotation": 90, "texture": "#1"},
				"east": {"uv": [0, 0.5, 15.25, 1], "rotation": 90, "texture": "#1"},
				"south": {"uv": [0, 0.5, 15.25, 1], "rotation": 90, "texture": "#1"},
				"west": {"uv": [0, 0, 15.25, 0.5], "rotation": 90, "texture": "#1"},
				"up": {"uv": [4.75, 0, 5.25, 0.5], "texture": "#1"},
				"down": {"uv": [7.25, 0.5, 7.75, 1], "texture": "#1"}
			}
		},
		{
			"name": "side2",
			"from": [-8, -1, 19],
			"to": [24, 30, 20],
			"rotation": {"angle": -22.5, "axis": "x", "origin": [8, 0, 19]},
			"faces": {
				"north": {"uv": [16, 0, 0, 15.5], "texture": "#0"},
				"east": {"uv": [2.25, 0, 1.75, 15.5], "texture": "#0"},
				"south": {"uv": [16, 0, 0, 15.5], "texture": "#0"},
				"west": {"uv": [4.25, 0, 3.75, 15.5], "texture": "#0"},
				"up": {"uv": [0, 0.25, 8, 0], "texture": "#0"},
				"down": {"uv": [0, 0.25, 8, 0], "texture": "#0"}
			}
		},
		{
			"name": "stick2",
			"from": [-5.999, -5.6661, -3],
			"to": [-4.999, 24.8339, -2],
			"rotation": {"angle": 22.5, "axis": "x", "origin": [-7, 0, 9]},
			"faces": {
				"north": {"uv": [0, 1, 15.25, 0.5], "rotation": 90, "texture": "#1"},
				"east": {"uv": [0, 1, 15.25, 0.5], "rotation": 90, "texture": "#1"},
				"south": {"uv": [0, 0.5, 15.25, 0], "rotation": 90, "texture": "#1"},
				"west": {"uv": [0, 0.5, 15.25, 0], "rotation": 90, "texture": "#1"},
				"up": {"uv": [4.75, 0.5, 5.25, 0], "texture": "#1"},
				"down": {"uv": [7.25, 1, 7.75, 0.5], "texture": "#1"}
			}
		},
		{
			"name": "stick3",
			"from": [20.999, -5.6661, -3],
			"to": [21.999, 24.8339, -2],
			"rotation": {"angle": 22.5, "axis": "x", "origin": [23, 0, 9]},
			"faces": {
				"north": {"uv": [0, 0.5, 15.25, 1], "rotation": 90, "texture": "#1"},
				"east": {"uv": [0, 0, 15.25, 0.5], "rotation": 90, "texture": "#1"},
				"south": {"uv": [0, 0, 15.25, 0.5], "rotation": 90, "texture": "#1"},
				"west": {"uv": [0, 0.5, 15.25, 1], "rotation": 90, "texture": "#1"},
				"up": {"uv": [5.25, 0.5, 4.75, 0], "texture": "#1"},
				"down": {"uv": [7.75, 1, 7.25, 0.5], "texture": "#1"}
			}
		},
		{
			"name": "stick4",
			"from": [0.999, -5.6661, -3],
			"to": [1.999, 24.8339, -2],
			"rotation": {"angle": 22.5, "axis": "x", "origin": [23, 0, 9]},
			"faces": {
				"north": {"uv": [0, 0.5, 15.25, 1], "rotation": 90, "texture": "#1"},
				"east": {"uv": [0, 0, 15.25, 0.5], "rotation": 90, "texture": "#1"},
				"south": {"uv": [0, 0, 15.25, 0.5], "rotation": 90, "texture": "#1"},
				"west": {"uv": [0, 0.5, 15.25, 1], "rotation": 90, "texture": "#1"},
				"up": {"uv": [5.25, 0.5, 4.75, 0], "texture": "#1"},
				"down": {"uv": [7.75, 1, 7.25, 0.5], "texture": "#1"}
			}
		},
		{
			"name": "stick5",
			"from": [14.001, -5.6661, -3],
			"to": [15.001, 24.8339, -2],
			"rotation": {"angle": 22.5, "axis": "x", "origin": [-7, 0, 9]},
			"faces": {
				"north": {"uv": [0, 1, 15.25, 0.5], "rotation": 90, "texture": "#1"},
				"east": {"uv": [0, 1, 15.25, 0.5], "rotation": 90, "texture": "#1"},
				"south": {"uv": [0, 0.5, 15.25, 0], "rotation": 90, "texture": "#1"},
				"west": {"uv": [0, 0.5, 15.25, 0], "rotation": 90, "texture": "#1"},
				"up": {"uv": [4.75, 0.5, 5.25, 0], "texture": "#1"},
				"down": {"uv": [7.25, 1, 7.75, 0.5], "texture": "#1"}
			}
		},
		{
			"name": "stick6",
			"from": [7.5, -5.6661, -3],
			"to": [8.5, 24.8339, -2],
			"rotation": {"angle": 22.5, "axis": "x", "origin": [-6.501, 0, 9]},
			"faces": {
				"north": {"uv": [0, 1, 15.25, 0.5], "rotation": 90, "texture": "#1"},
				"east": {"uv": [0, 1, 15.25, 0.5], "rotation": 90, "texture": "#1"},
				"south": {"uv": [0, 0.5, 15.25, 0], "rotation": 90, "texture": "#1"},
				"west": {"uv": [0, 0.5, 15.25, 0], "rotation": 90, "texture": "#1"},
				"up": {"uv": [4.75, 0.5, 5.25, 0], "texture": "#1"},
				"down": {"uv": [7.25, 1, 7.75, 0.5], "texture": "#1"}
			}
		}
	],
	"display": {
		"thirdperson_righthand": {
			"rotation": [75, 45, 0],
			"translation": [0, 2.5, 0.75],
			"scale": [0.2, 0.2, 0.2]
		},
		"thirdperson_lefthand": {
			"rotation": [75, 45, 0],
			"translation": [0, 2.5, 0.75],
			"scale": [0.2, 0.2, 0.2]
		},
		"firstperson_righthand": {
			"rotation": [0, 45, 0],
			"scale": [0.4, 0.4, 0.4]
		},
		"firstperson_lefthand": {
			"rotation": [0, 225, 0],
			"scale": [0.4, 0.4, 0.4]
		},
		"ground": {
			"translation": [0, 3, 0],
			"scale": [0.25, 0.25, 0.25]
		},
		"gui": {
			"rotation": [30, 225, 0],
			"translation": [0, -1.5, 0],
			"scale": [0.35, 0.35, 0.35]
		},
		"head": {
			"rotation": [0, 90, 0],
			"translation": [0, -11, 0],
			"scale": [4, 4, 4]
		},
		"fixed": {
			"rotation": [0, 90, 0],
			"translation": [0, -2.25, 0],
			"scale": [0.5, 0.5, 0.5]
		}
	},
	"groups": [0,
		{
			"name": "side1",
			"origin": [-6.501, 0, 7],
			"children": [1, 2, 3, 4, 5, 6]
		},
		{
			"name": "side2",
			"origin": [-6.501, 0, 7],
			"children": [7, 8, 9, 10, 11, 12]
		}
	]
}