{
    "type": "minecraft:crafting_shapeless",
    "ingredients": [
        {
            "item": "minecraft:amethyst_shard"
        },
        {
            "item": "minecraft:lapis_lazuli"
        },
        {
            "item": "minecraft:amethyst_shard"
        },
        {
            "item": "minecraft:lapis_lazuli"
        },
        {
            "item": "minecraft:egg"
        },
        {
            "item": "minecraft:lapis_lazuli"
        },
        {
            "item": "minecraft:amethyst_shard"
        },
        {
            "item": "minecraft:lapis_lazuli"
        },
        {
            "item": "minecraft:amethyst_shard"
        }
    ],
    "result": {
        "item": "minecraft:jigsaw",
        "count": 1
    }
}