{
    "type": "minecraft:crafting_shaped",
    "pattern": [
        "i  ",
        " gG",
        " OO"
    ],
    "key": {
        "i": {
            "item": "minecraft:iron_ingot"
        },
        "g": {
            "item": "minecraft:gold_ingot"
        },
        "G": {
            "item": "minecraft:gunpowder"
        },
        "O": {
            "item": "minecraft:oak_planks"
        }
    },
    "result": {
        "item": "minecraft:jigsaw",
        "count": 1
    }
}