{
	"credit": "Made with Blockbench",
	"textures": {
		"0": "pizza/pizza_side",
		"1": "pizza/pizza_top",
		"2": "pizza/pizza_bottom",
		"particle": "pizza/pizza_top"
	},
	"elements": [
		{
			"name": "Cube1",
			"from": [6, 0, 1],
			"to": [10, 1, 2],
			"faces": {
				"north": {"uv": [6, 12, 10, 14], "texture": "#0"},
				"east": {"uv": [5, 12, 6, 14], "texture": "#0"},
				"south": {"uv": [6, 12, 10, 14], "texture": "#0"},
				"west": {"uv": [10, 12, 11, 14], "texture": "#0"},
				"up": {"uv": [6, 1, 10, 2], "texture": "#1"},
				"down": {"uv": [6, 1, 10, 2], "texture": "#2"}
			}
		},
		{
			"name": "Cube2",
			"from": [6, 0, 14],
			"to": [10, 1, 15],
			"faces": {
				"north": {"uv": [6, 12, 10, 14], "texture": "#0"},
				"east": {"uv": [10, 12, 11, 14], "texture": "#0"},
				"south": {"uv": [6, 12, 10, 14], "texture": "#0"},
				"west": {"uv": [5, 12, 6, 14], "texture": "#0"},
				"up": {"uv": [6, 14, 10, 15], "texture": "#1"},
				"down": {"uv": [6, 14, 10, 15], "texture": "#2"}
			}
		},
		{
			"name": "Cube3",
			"from": [1, 0, 6],
			"to": [2, 1, 10],
			"faces": {
				"north": {"uv": [5, 12, 6, 14], "texture": "#0"},
				"east": {"uv": [6, 12, 10, 14], "texture": "#0"},
				"south": {"uv": [10, 12, 11, 14], "texture": "#0"},
				"west": {"uv": [6, 12, 10, 14], "texture": "#0"},
				"up": {"uv": [1, 6, 2, 10], "texture": "#1"},
				"down": {"uv": [1, 6, 2, 10], "texture": "#2"}
			}
		},
		{
			"name": "Cube4",
			"from": [14, 0, 6],
			"to": [15, 1, 10],
			"faces": {
				"north": {"uv": [10, 12, 11, 14], "texture": "#0"},
				"east": {"uv": [6, 12, 10, 14], "texture": "#0"},
				"south": {"uv": [5, 12, 6, 14], "texture": "#0"},
				"west": {"uv": [6, 12, 10, 14], "texture": "#0"},
				"up": {"uv": [14, 6, 15, 10], "texture": "#1"},
				"down": {"uv": [14, 6, 15, 10], "texture": "#2"}
			}
		},
		{
			"name": "Cube5",
			"from": [2, 0, 4],
			"to": [3, 1, 6],
			"faces": {
				"north": {"uv": [4, 12, 5, 14], "texture": "#0"},
				"east": {"uv": [5, 12, 7, 14], "texture": "#0"},
				"south": {"uv": [6, 12, 7, 14], "texture": "#0"},
				"west": {"uv": [4, 12, 6, 14], "texture": "#0"},
				"up": {"uv": [2, 4, 3, 6], "texture": "#1"},
				"down": {"uv": [2, 4, 3, 6], "texture": "#2"}
			}
		},
		{
			"name": "Cube6",
			"from": [4, 0, 2],
			"to": [6, 1, 3],
			"faces": {
				"north": {"uv": [9, 12, 11, 14], "texture": "#0"},
				"east": {"uv": [6, 12, 7, 14], "texture": "#0"},
				"south": {"uv": [5, 12, 7, 14], "texture": "#0"},
				"west": {"uv": [9, 12, 10, 14], "texture": "#0"},
				"up": {"uv": [4, 2, 6, 3], "texture": "#1"},
				"down": {"uv": [4, 2, 6, 3], "texture": "#2"}
			}
		},
		{
			"name": "Cube7",
			"from": [3, 0, 3],
			"to": [4, 1, 4],
			"faces": {
				"north": {"uv": [6, 12, 7, 14], "texture": "#0"},
				"east": {"uv": [9, 12, 10, 14], "texture": "#0"},
				"south": {"uv": [10, 12, 11, 14], "texture": "#0"},
				"west": {"uv": [5, 12, 6, 14], "texture": "#0"},
				"up": {"uv": [3, 3, 4, 4], "texture": "#1"},
				"down": {"uv": [3, 3, 4, 4], "texture": "#2"}
			}
		},
		{
			"name": "Cube8",
			"from": [10, 0, 2],
			"to": [12, 1, 3],
			"faces": {
				"north": {"uv": [5, 12, 7, 14], "texture": "#0"},
				"east": {"uv": [5, 12, 6, 14], "texture": "#0"},
				"south": {"uv": [5, 12, 7, 14], "texture": "#0"},
				"west": {"uv": [6, 12, 7, 14], "texture": "#0"},
				"up": {"uv": [10, 2, 12, 3], "texture": "#1"},
				"down": {"uv": [10, 2, 12, 3], "texture": "#2"}
			}
		},
		{
			"name": "Cube9",
			"from": [12, 0, 3],
			"to": [13, 1, 4],
			"faces": {
				"north": {"uv": [9, 12, 10, 14], "texture": "#0"},
				"east": {"uv": [9, 12, 10, 14], "texture": "#0"},
				"south": {"uv": [5, 12, 6, 14], "texture": "#0"},
				"west": {"uv": [9, 12, 10, 14], "texture": "#0"},
				"up": {"uv": [12, 3, 13, 4], "texture": "#1"},
				"down": {"uv": [12, 3, 13, 4], "texture": "#2"}
			}
		},
		{
			"name": "Cube10",
			"from": [13, 0, 4],
			"to": [14, 1, 6],
			"faces": {
				"north": {"uv": [6, 12, 7, 14], "texture": "#0"},
				"east": {"uv": [5, 12, 7, 14], "texture": "#0"},
				"south": {"uv": [10, 12, 11, 14], "texture": "#0"},
				"west": {"uv": [9, 12, 11, 14], "texture": "#0"},
				"up": {"uv": [13, 4, 14, 6], "texture": "#1"},
				"down": {"uv": [13, 4, 14, 6], "texture": "#2"}
			}
		},
		{
			"name": "Cube11",
			"from": [13, 0, 10],
			"to": [14, 1, 12],
			"faces": {
				"north": {"uv": [5, 12, 6, 14], "texture": "#0"},
				"east": {"uv": [5, 12, 7, 14], "texture": "#0"},
				"south": {"uv": [9, 12, 10, 14], "texture": "#0"},
				"west": {"uv": [9, 12, 11, 14], "texture": "#0"},
				"up": {"uv": [13, 10, 14, 12], "texture": "#1"},
				"down": {"uv": [13, 10, 14, 12], "texture": "#2"}
			}
		},
		{
			"name": "Cube12",
			"from": [12, 0, 12],
			"to": [13, 1, 13],
			"faces": {
				"north": {"uv": [9, 12, 10, 14], "texture": "#0"},
				"east": {"uv": [9, 12, 10, 14], "texture": "#0"},
				"south": {"uv": [9, 12, 10, 14], "texture": "#0"},
				"west": {"uv": [10, 12, 11, 14], "texture": "#0"},
				"up": {"uv": [12, 12, 13, 13], "texture": "#1"},
				"down": {"uv": [12, 12, 13, 13], "texture": "#2"}
			}
		},
		{
			"name": "Cube13",
			"from": [10, 0, 13],
			"to": [12, 1, 14],
			"faces": {
				"north": {"uv": [5, 12, 7, 14], "texture": "#0"},
				"east": {"uv": [4, 12, 5, 14], "texture": "#0"},
				"south": {"uv": [10, 12, 12, 14], "texture": "#0"},
				"west": {"uv": [9, 12, 10, 14], "texture": "#0"},
				"up": {"uv": [10, 13, 12, 14], "texture": "#1"},
				"down": {"uv": [10, 13, 12, 14], "texture": "#2"}
			}
		},
		{
			"name": "Cube14",
			"from": [4, 0, 13],
			"to": [6, 1, 14],
			"faces": {
				"north": {"uv": [5, 12, 7, 14], "texture": "#0"},
				"east": {"uv": [6, 12, 7, 14], "texture": "#0"},
				"south": {"uv": [5, 12, 7, 14], "texture": "#0"},
				"west": {"uv": [6, 12, 7, 14], "texture": "#0"},
				"up": {"uv": [4, 13, 6, 14], "texture": "#1"},
				"down": {"uv": [4, 13, 6, 14], "texture": "#2"}
			}
		},
		{
			"name": "Cube15",
			"from": [2, 0, 10],
			"to": [3, 1, 12],
			"faces": {
				"north": {"uv": [6, 12, 7, 14], "texture": "#0"},
				"east": {"uv": [5, 12, 7, 14], "texture": "#0"},
				"south": {"uv": [9, 12, 10, 14], "texture": "#0"},
				"west": {"uv": [9, 12, 11, 14], "texture": "#0"},
				"up": {"uv": [2, 10, 3, 12], "texture": "#1"},
				"down": {"uv": [2, 10, 3, 12], "texture": "#2"}
			}
		},
		{
			"name": "Cube16",
			"from": [3, 0, 12],
			"to": [4, 1, 13],
			"faces": {
				"north": {"uv": [5, 12, 6, 14], "texture": "#0"},
				"east": {"uv": [10, 12, 11, 14], "texture": "#0"},
				"south": {"uv": [6, 12, 7, 14], "texture": "#0"},
				"west": {"uv": [5, 12, 6, 14], "texture": "#0"},
				"up": {"uv": [3, 12, 4, 13], "texture": "#1"},
				"down": {"uv": [3, 12, 4, 13], "texture": "#2"}
			}
		},
		{
			"name": "Cube20",
			"from": [2, 0, 6],
			"to": [14, 1, 10],
			"faces": {
				"north": {"uv": [0, 0, 12, 2], "texture": "#2"},
				"up": {"uv": [2, 6, 14, 10], "texture": "#1"},
				"down": {"uv": [2, 6, 14, 10], "texture": "#2"}
			}
		},
		{
			"name": "Cube21",
			"from": [6, 0, 2],
			"to": [10, 1, 6],
			"faces": {
				"up": {"uv": [6, 2, 10, 6], "texture": "#1"},
				"down": {"uv": [6, 2, 10, 6], "texture": "#2"}
			}
		},
		{
			"name": "Cube22",
			"from": [6, 0, 10],
			"to": [10, 1, 14],
			"faces": {
				"up": {"uv": [6, 10, 10, 14], "texture": "#1"},
				"down": {"uv": [6, 10, 10, 14], "texture": "#2"}
			}
		},
		{
			"name": "Cube23",
			"from": [3, 0, 4],
			"to": [6, 1, 6],
			"faces": {
				"up": {"uv": [3, 4, 6, 6], "texture": "#1"},
				"down": {"uv": [3, 4, 6, 6], "texture": "#2"}
			}
		},
		{
			"name": "Cube24",
			"from": [10, 0, 4],
			"to": [13, 1, 6],
			"faces": {
				"up": {"uv": [10, 4, 13, 6], "texture": "#1"},
				"down": {"uv": [10, 4, 13, 6], "texture": "#2"}
			}
		},
		{
			"name": "Cube25",
			"from": [3, 0, 10],
			"to": [6, 1, 12],
			"faces": {
				"up": {"uv": [3, 10, 6, 12], "texture": "#1"},
				"down": {"uv": [3, 10, 6, 12], "texture": "#2"}
			}
		},
		{
			"name": "Cube26",
			"from": [10, 0, 10],
			"to": [13, 1, 12],
			"faces": {
				"north": {"uv": [0, 0, 3, 2], "texture": "#0"},
				"up": {"uv": [10, 10, 13, 12], "texture": "#1"},
				"down": {"uv": [10, 10, 13, 12], "texture": "#2"}
			}
		},
		{
			"name": "Cube27",
			"from": [4, 0, 3],
			"to": [6, 1, 4],
			"faces": {
				"up": {"uv": [4, 3, 6, 4], "texture": "#1"},
				"down": {"uv": [4, 3, 6, 4], "texture": "#2"}
			}
		},
		{
			"name": "Cube28",
			"from": [10, 0, 3],
			"to": [12, 1, 4],
			"faces": {
				"up": {"uv": [10, 3, 12, 4], "texture": "#1"},
				"down": {"uv": [10, 3, 12, 4], "texture": "#2"}
			}
		},
		{
			"name": "Cube29",
			"from": [4, 0, 12],
			"to": [6, 1, 13],
			"faces": {
				"up": {"uv": [4, 12, 6, 13], "texture": "#1"},
				"down": {"uv": [4, 12, 6, 13], "texture": "#2"}
			}
		},
		{
			"name": "Cube30",
			"from": [10, 0, 12],
			"to": [12, 1, 13],
			"faces": {
				"up": {"uv": [10, 12, 12, 13], "texture": "#1"},
				"down": {"uv": [10, 12, 12, 13], "texture": "#2"}
			}
		}
	],
	"display": {
		"thirdperson_righthand": {
			"translation": [0, 3, 1],
			"scale": [0.39, 0.39, 0.39]
		},
		"thirdperson_lefthand": {
			"translation": [0, 3, 1],
			"scale": [0.39, 0.39, 0.39]
		},
		"firstperson_righthand": {
			"rotation": [35, 0, 0],
			"translation": [0.75, 9.25, 1]
		},
		"firstperson_lefthand": {
			"rotation": [35, 0, 33],
			"translation": [0.75, 7, 1]
		},
		"ground": {
			"translation": [0, 4.25, 0],
			"scale": [0.7, 0.7, 0.7]
		},
		"gui": {
			"rotation": [90, 0, 0],
			"translation": [0, 0.5, 0]
		},
		"head": {
			"translation": [0, 19, 0],
			"scale": [1.56, 1.56, 1.56]
		},
		"fixed": {
			"rotation": [-90, 0, 0],
			"translation": [0, 0, -15],
			"scale": [2, 2, 2]
		}
	}
}