{
	"credit": "Made with Blockbench",
	"parent": "block/block",
	"textures": {
		"particle": "pizza_table/north",
		"north": "pizza_table/north",
		"east": "pizza_table/west",
		"up": "pizza_table/top",
		"down": "pizza_table/bottom"
	},
	"elements": [
		{
			"from": [0, 0, 0],
			"to": [16, 16, 16],
			"rotation": {"angle": 0, "axis": "y", "origin": [7.98995, 7.98995, 7.98995]},
			"faces": {
				"north": {"uv": [0, 0, 16, 16], "texture": "#north", "cullface": "north"},
				"east": {"uv": [0, 0, 16, 16], "texture": "#east", "cullface": "east"},
				"south": {"uv": [0, 0, 16, 16], "texture": "#north", "cullface": "south"},
				"west": {"uv": [0, 0, 16, 16], "texture": "#east", "cullface": "west"},
				"up": {"uv": [0, 0, 16, 16], "texture": "#up", "cullface": "up"},
				"down": {"uv": [0, 0, 16, 16], "texture": "#down", "cullface": "down"}
			}
		}
	],
	"display": {
		"fixed": {
			"translation": [0, 0, -16],
			"scale": [2.01, 2.01, 2.01]
		}
	}
}