{
    "type": "minecraft:crafting_shapeless",
    "ingredients": [
        {
            "item": "minecraft:iron_ingot"
        },
        {
            "item": "minecraft:redstone"
        },
        {
            "item": "minecraft:iron_ingot"
        },
        {
            "item": "minecraft:iron_ingot"
        },
        {
            "item": "minecraft:blaze_powder"
        },
        {
            "item": "minecraft:iron_ingot"
        }
    ],
    "result": {
        "item": "minecraft:jigsaw",
        "count": 1
    }
}