{
	"credit": "Made with Blockbench by GalaxyLinus",
	"texture_size": [32, 32],
	"textures": {
		"3": "custom/ice"
	},
	"elements": [
		{
			"from": [1, -4, 1],
			"to": [1, 10, 15],
			"rotation": {"angle": 0, "axis": "y", "origin": [6, 8, 6]},
			"faces": {
				"east": {"uv": [0, 0, 7, 7], "texture": "#3"},
				"west": {"uv": [0, 0, 7, 7], "texture": "#3"}
			}
		},
		{
			"from": [15, -4, 1],
			"to": [15, 10, 15],
			"rotation": {"angle": 0, "axis": "y", "origin": [6, 8, 6]},
			"faces": {
				"east": {"uv": [0, 0, 7, 7], "texture": "#3"},
				"west": {"uv": [0, 0, 7, 7], "texture": "#3"}
			}
		},
		{
			"from": [1, 10, 1],
			"to": [15, 10, 15],
			"rotation": {"angle": 0, "axis": "y", "origin": [6, 8, 6]},
			"faces": {
				"up": {"uv": [0, 8, 7, 15], "rotation": 90, "texture": "#3"},
				"down": {"uv": [0, 8, 7, 15], "rotation": 270, "texture": "#3"}
			}
		},
		{
			"from": [1, -4, 1],
			"to": [15, 10, 1],
			"rotation": {"angle": 0, "axis": "y", "origin": [6, 8, 6]},
			"faces": {
				"north": {"uv": [0, 0, 7, 7], "texture": "#3"},
				"south": {"uv": [0, 0, 7, 7], "texture": "#3"}
			}
		},
		{
			"from": [1, -4, 15],
			"to": [15, 10, 15],
			"rotation": {"angle": 0, "axis": "y", "origin": [6, 8, 6]},
			"faces": {
				"north": {"uv": [0, 0, 7, 7], "texture": "#3"},
				"south": {"uv": [0, 0, 7, 7], "texture": "#3"}
			}
		},
		{
			"from": [1, -4, 1],
			"to": [15, -4, 15],
			"rotation": {"angle": 0, "axis": "y", "origin": [6, 8, 6]},
			"faces": {
				"up": {"uv": [0, 0, 7, 7], "rotation": 90, "texture": "#3"},
				"down": {"uv": [0, 0, 7, 7], "rotation": 270, "texture": "#3"}
			}
		},
		{
			"from": [2, 10, 2],
			"to": [2, 22, 14],
			"rotation": {"angle": 0, "axis": "y", "origin": [7, 8, 7]},
			"faces": {
				"east": {"uv": [0, 0, 6, 6], "texture": "#3"},
				"west": {"uv": [0, 0, 6, 6], "texture": "#3"}
			}
		},
		{
			"from": [14, 10, 2],
			"to": [14, 22, 14],
			"rotation": {"angle": 0, "axis": "y", "origin": [7, 8, 7]},
			"faces": {
				"east": {"uv": [0, 0, 6, 6], "texture": "#3"},
				"west": {"uv": [0, 0, 6, 6], "texture": "#3"}
			}
		},
		{
			"from": [2, 10, 2],
			"to": [14, 22, 2],
			"rotation": {"angle": 0, "axis": "y", "origin": [7, 8, 7]},
			"faces": {
				"north": {"uv": [0, 0, 6, 6], "texture": "#3"},
				"south": {"uv": [0, 0, 6, 6], "texture": "#3"}
			}
		},
		{
			"from": [2, 10, 14],
			"to": [14, 22, 14],
			"rotation": {"angle": 0, "axis": "y", "origin": [7, 8, 7]},
			"faces": {
				"north": {"uv": [0, 0, 6, 6], "texture": "#3"},
				"south": {"uv": [0, 0, 6, 6], "texture": "#3"}
			}
		},
		{
			"from": [2, 22, 2],
			"to": [14, 22, 14],
			"rotation": {"angle": 0, "axis": "y", "origin": [7, 8, 7]},
			"faces": {
				"up": {"uv": [8, 0, 14, 6], "rotation": 90, "texture": "#3"},
				"down": {"uv": [8, 0, 14, 6], "rotation": 270, "texture": "#3"}
			}
		},
		{
			"from": [3, 22, 3],
			"to": [13, 32, 3],
			"rotation": {"angle": 0, "axis": "y", "origin": [7, 8, 7]},
			"faces": {
				"north": {"uv": [0, 0, 6, 6], "texture": "#3"},
				"south": {"uv": [0, 0, 6, 6], "texture": "#3"}
			}
		},
		{
			"from": [3, 22, 13],
			"to": [13, 32, 13],
			"rotation": {"angle": 0, "axis": "y", "origin": [7, 8, 7]},
			"faces": {
				"north": {"uv": [0, 0, 6, 6], "texture": "#3"},
				"south": {"uv": [0, 0, 6, 6], "texture": "#3"}
			}
		},
		{
			"from": [3, 22, 3],
			"to": [3, 32, 13],
			"rotation": {"angle": 0, "axis": "y", "origin": [7, 8, 7]},
			"faces": {
				"east": {"uv": [0, 0, 6, 6], "texture": "#3"},
				"west": {"uv": [0, 0, 6, 6], "texture": "#3"}
			}
		},
		{
			"from": [13, 22, 3],
			"to": [13, 32, 13],
			"rotation": {"angle": 0, "axis": "y", "origin": [7, 8, 7]},
			"faces": {
				"east": {"uv": [0, 0, 6, 6], "texture": "#3"},
				"west": {"uv": [0, 0, 6, 6], "texture": "#3"}
			}
		},
		{
			"from": [3, 32, 3],
			"to": [13, 32, 13],
			"rotation": {"angle": 0, "axis": "y", "origin": [7, 8, 7]},
			"faces": {
				"up": {"uv": [0, 0, 6, 6], "rotation": 90, "texture": "#3"},
				"down": {"uv": [0, 0, 6, 6], "rotation": 270, "texture": "#3"}
			}
		}
	],
	"display": {
		"thirdperson_righthand": {
			"rotation": [75, 45, 0],
			"translation": [0, 2.5, 0],
			"scale": [0.375, 0.375, 0.375]
		},
		"thirdperson_lefthand": {
			"rotation": [75, 45, 0],
			"translation": [0, 2.5, 0],
			"scale": [0.375, 0.375, 0.375]
		},
		"firstperson_righthand": {
			"rotation": [0, 45, 0],
			"scale": [0.4, 0.4, 0.4]
		},
		"firstperson_lefthand": {
			"rotation": [0, 225, 0],
			"scale": [0.4, 0.4, 0.4]
		},
		"ground": {
			"translation": [0, 3, 0],
			"scale": [0.25, 0.25, 0.25]
		},
		"gui": {
			"rotation": [30, 225, 0],
			"scale": [0.625, 0.625, 0.625]
		},
		"head": {
			"translation": [0, -21, 0],
			"scale": [2, 2, 2]
		},
		"fixed": {
			"scale": [0.5, 0.5, 0.5]
		}
	}
}