{
	"credit": "Made with Blockbench by GalaxyLinus",
	"texture_size": [64, 64],
	"textures": {
		"0": "custom/jetpack",
		"particle": "custom/jetpack"
	},
	"elements": [
		{
			"from": [2.5, 0, 5],
			"to": [7.5, 16, 10],
			"rotation": {"angle": 0, "axis": "y", "origin": [1.5, 0, 5]},
			"faces": {
				"north": {"uv": [0, 4.25, 1.25, 8.25], "texture": "#0"},
				"east": {"uv": [1.25, 4.25, 2.5, 8.25], "texture": "#0"},
				"south": {"uv": [2.5, 4.25, 3.75, 8.25], "texture": "#0"},
				"west": {"uv": [3.75, 4.25, 5, 8.25], "texture": "#0"},
				"up": {"uv": [9, 1.25, 7.75, 0], "texture": "#0"},
				"down": {"uv": [9, 1.25, 7.75, 2.5], "texture": "#0"}
			}
		},
		{
			"from": [8, 0, 5],
			"to": [13, 16, 10],
			"rotation": {"angle": 0, "axis": "y", "origin": [1.5, 0, 5]},
			"faces": {
				"north": {"uv": [5, 4.25, 6.25, 8.25], "texture": "#0"},
				"east": {"uv": [6.25, 4.25, 7.5, 8.25], "texture": "#0"},
				"south": {"uv": [6.5, 0, 7.75, 4], "texture": "#0"},
				"west": {"uv": [7.5, 4, 8.75, 8], "texture": "#0"},
				"up": {"uv": [9, 3.75, 7.75, 2.5], "texture": "#0"},
				"down": {"uv": [8.75, 8, 7.5, 9.25], "texture": "#0"}
			}
		},
		{
			"from": [2, -0.5, 4],
			"to": [13.5, 16.5, 5],
			"rotation": {"angle": 0, "axis": "y", "origin": [-2.5, 0.5, 4]},
			"faces": {
				"north": {"uv": [0, 0, 3.25, 4.25], "texture": "#0"},
				"east": {"uv": [0, 8.25, 0.25, 12.5], "texture": "#0"},
				"south": {"uv": [3.25, 0, 6.5, 4.25], "texture": "#0"},
				"west": {"uv": [0.25, 8.25, 0.5, 12.5], "texture": "#0"},
				"up": {"uv": [11, 4, 7.75, 3.75], "texture": "#0"},
				"down": {"uv": [3.75, 8.25, 0.5, 8.5], "texture": "#0"}
			}
		}
	],
	"display": {
		"thirdperson_righthand": {
			"rotation": [75, -135, 0],
			"translation": [0, 2.5, 0],
			"scale": [0.375, 0.375, 0.375]
		},
		"thirdperson_lefthand": {
			"rotation": [65, 0, 0],
			"translation": [-6.25, -7.75, 8.25],
			"scale": [0.64, 0.64, 0.64]
		},
		"firstperson_righthand": {
			"rotation": [0, -45, 0],
			"scale": [0.4, 0.4, 0.4]
		},
		"firstperson_lefthand": {
			"translation": [80, -80, 80],
			"scale": [0, 0, 0]
		},
		"ground": {
			"translation": [0, 3, 0],
			"scale": [0.25, 0.25, 0.25]
		},
		"gui": {
			"rotation": [30, 45, 0],
			"scale": [0.625, 0.625, 0.625]
		},
		"fixed": {
			"rotation": [0, -180, 0],
			"translation": [0, 0, -4]
		}
	}
}