{
    "type": "minecraft:crafting_shapeless",
    "ingredients": [
        {
            "item": "minecraft:diamond"
        },
        {
            "item": "minecraft:gold_ingot"
        },
        {
            "item": "minecraft:diamond"
        },
        {
            "item": "minecraft:gold_ingot"
        },
        {
            "item": "minecraft:stone"
        },
        {
            "item": "minecraft:gold_ingot"
        },
        {
            "item": "minecraft:diamond"
        },
        {
            "item": "minecraft:gold_ingot"
        },
        {
            "item": "minecraft:diamond"
        }
    ],
    "result": {
        "item": "minecraft:jigsaw",
        "count": 1
    }
}