{
  "parent": "minecraft:item/handheld_rod",
  "textures": {
    "layer0": "minecraft:item/carrot_on_a_stick"
  },
  "overrides": [
    {"predicate": {"custom_model_data": 87301}, "model": "item/custom/ice_wand"},
    {"predicate": {"custom_model_data": 87302}, "model": "item/custom/ice"},
    {"predicate": {"custom_model_data": 87303}, "model": "item/custom/shadow_sword"},
    {"predicate": {"custom_model_data": 87304}, "model": "item/custom/ender_sword"},
    {"predicate": {"custom_model_data": 87305}, "model": "item/custom/lazer_gun"}
  ]
}