{
 "parent": "item/handheld",
 "textures": {
  "layer0": "item/item_frame"
 },
 "overrides": [
  { "predicate": { "custom_model_data": 725401}, "model": "item/custom/harvester_item" },
  { "predicate": { "custom_model_data": 725402}, "model": "item/custom/harvester_block" },
  { "predicate": { "custom_model_data": 725403}, "model": "item/custom/breaker_item" },
  { "predicate": { "custom_model_data": 725404}, "model": "item/custom/breaker_block" },
  { "predicate": { "custom_model_data": 725405}, "model": "item/custom/spikes_item" },
  { "predicate": { "custom_model_data": 725406}, "model": "item/custom/spikes_block" },
  { "predicate": { "custom_model_data": 725407}, "model": "item/custom/vacuum_hopper_item" },
  { "predicate": { "custom_model_data": 725408}, "model": "item/custom/vacuum_hopper_block" }
 ]
}
