{
	"credit": "Made with Blockbench by GalaxyLinus",
	"textures": {
		"0": "custom/stone",
		"particle": "custom/stone"
	},
	"elements": [
		{
			"name": "stone_part",
			"from": [3, 0, 6],
			"to": [11, 1, 10],
			"rotation": {"angle": 0, "axis": "y", "origin": [5.61538, 1.26923, 5.42308]},
			"faces": {
				"north": {"uv": [4, 6, 12, 7], "texture": "#0"},
				"east": {"uv": [11, 11, 15, 12], "texture": "#0"},
				"south": {"uv": [4, 11, 12, 12], "texture": "#0"},
				"west": {"uv": [5, 10, 9, 11], "texture": "#0"},
				"up": {"uv": [4, 7, 12, 11], "texture": "#0"},
				"down": {"uv": [4, 5, 12, 9], "texture": "#0"}
			}
		},
		{
			"name": "stone_part",
			"from": [5, 0, 10],
			"to": [10, 1, 12],
			"rotation": {"angle": 0, "axis": "y", "origin": [5.61538, 1.26923, 5.42308]},
			"faces": {
				"north": {"uv": [0, 0, 5, 1], "texture": "#0"},
				"east": {"uv": [2, 2, 4, 3], "texture": "#0"},
				"south": {"uv": [6, 13, 11, 14], "texture": "#0"},
				"west": {"uv": [8, 4, 10, 5], "texture": "#0"},
				"up": {"uv": [6, 11, 11, 13], "texture": "#0"},
				"down": {"uv": [4, 5, 9, 7], "texture": "#0"}
			}
		},
		{
			"name": "stone_part",
			"from": [11, 0, 6],
			"to": [12, 1, 9],
			"rotation": {"angle": 0, "axis": "y", "origin": [5.61538, 1.26923, 5.42308]},
			"faces": {
				"north": {"uv": [12, 6, 13, 7], "texture": "#0"},
				"east": {"uv": [6, 3, 9, 4], "texture": "#0"},
				"south": {"uv": [12, 10, 13, 11], "texture": "#0"},
				"west": {"uv": [0, 0, 3, 1], "texture": "#0"},
				"up": {"uv": [12, 7, 13, 10], "texture": "#0"},
				"down": {"uv": [4, 5, 5, 8], "texture": "#0"}
			}
		},
		{
			"name": "stone_part",
			"from": [5, 0, 5],
			"to": [11, 1, 6],
			"rotation": {"angle": 0, "axis": "y", "origin": [5.61538, 1.26923, 5.42308]},
			"faces": {
				"north": {"uv": [4, 4, 10, 5], "texture": "#0"},
				"east": {"uv": [0, 0, 1, 1], "texture": "#0"},
				"south": {"uv": [0, 0, 6, 1], "texture": "#0"},
				"west": {"uv": [6, 5, 7, 6], "texture": "#0"},
				"up": {"uv": [6, 6, 12, 7], "texture": "#0"},
				"down": {"uv": [4, 5, 10, 6], "texture": "#0"}
			}
		},
		{
			"name": "stone_part",
			"from": [4, 0, 10],
			"to": [5, 1, 11],
			"rotation": {"angle": 0, "axis": "y", "origin": [5.61538, 1.26923, 5.42308]},
			"faces": {
				"north": {"uv": [0, 0, 1, 1], "texture": "#0"},
				"east": {"uv": [0, 0, 1, 1], "texture": "#0"},
				"south": {"uv": [5, 12, 6, 13], "texture": "#0"},
				"west": {"uv": [13, 5, 14, 6], "texture": "#0"},
				"up": {"uv": [5, 11, 6, 12], "texture": "#0"},
				"down": {"uv": [4, 5, 5, 6], "texture": "#0"}
			}
		},
		{
			"name": "stone_part",
			"from": [5, 1, 6],
			"to": [11, 2, 10],
			"rotation": {"angle": 0, "axis": "y", "origin": [5.61538, 1.26923, 5.42308]},
			"faces": {
				"north": {"uv": [6, 6, 12, 7], "texture": "#0"},
				"east": {"uv": [8, 5, 12, 6], "texture": "#0"},
				"south": {"uv": [6, 11, 12, 12], "texture": "#0"},
				"west": {"uv": [0, 0, 4, 1], "texture": "#0"},
				"up": {"uv": [6, 7, 12, 11], "texture": "#0"},
				"down": {"uv": [4, 5, 10, 9], "texture": "#0"}
			}
		},
		{
			"name": "stone_part",
			"from": [6, 1, 10],
			"to": [10, 2, 11],
			"rotation": {"angle": 0, "axis": "y", "origin": [5.61538, 1.26923, 5.42308]},
			"faces": {
				"north": {"uv": [0, 0, 4, 1], "texture": "#0"},
				"east": {"uv": [0, 0, 1, 1], "texture": "#0"},
				"south": {"uv": [7, 12, 11, 13], "texture": "#0"},
				"west": {"uv": [0, 0, 1, 1], "texture": "#0"},
				"up": {"uv": [7, 11, 11, 12], "texture": "#0"},
				"down": {"uv": [4, 5, 8, 6], "texture": "#0"}
			}
		},
		{
			"name": "stone_part",
			"from": [4, 1, 7],
			"to": [5, 2, 10],
			"rotation": {"angle": 0, "axis": "y", "origin": [5.61538, 1.26923, 5.42308]},
			"faces": {
				"north": {"uv": [5, 7, 6, 8], "texture": "#0"},
				"east": {"uv": [0, 0, 3, 1], "texture": "#0"},
				"south": {"uv": [5, 11, 6, 12], "texture": "#0"},
				"west": {"uv": [10, 5, 13, 6], "texture": "#0"},
				"up": {"uv": [5, 8, 6, 11], "texture": "#0"},
				"down": {"uv": [4, 5, 5, 8], "texture": "#0"}
			}
		},
		{
			"name": "stone_part",
			"from": [6, 1, 5],
			"to": [10, 2, 6],
			"rotation": {"angle": 0, "axis": "y", "origin": [5.61538, 1.26923, 5.42308]},
			"faces": {
				"north": {"uv": [7, 5, 11, 6], "texture": "#0"},
				"east": {"uv": [5, 6, 6, 7], "texture": "#0"},
				"south": {"uv": [0, 0, 4, 1], "texture": "#0"},
				"west": {"uv": [0, 0, 1, 1], "texture": "#0"},
				"up": {"uv": [7, 6, 11, 7], "texture": "#0"},
				"down": {"uv": [4, 5, 8, 6], "texture": "#0"}
			}
		},
		{
			"name": "stone_part",
			"from": [10, 0, 10],
			"to": [11, 1, 11],
			"rotation": {"angle": 0, "axis": "y", "origin": [5.61538, 1.26923, 5.42308]},
			"faces": {
				"north": {"uv": [0, 0, 1, 1], "texture": "#0"},
				"east": {"uv": [6, 10, 7, 11], "texture": "#0"},
				"south": {"uv": [11, 12, 12, 13], "texture": "#0"},
				"west": {"uv": [0, 0, 1, 1], "texture": "#0"},
				"up": {"uv": [11, 11, 12, 12], "texture": "#0"},
				"down": {"uv": [4, 5, 5, 6], "texture": "#0"}
			}
		},
		{
			"name": "stone_part",
			"from": [5, 2, 7],
			"to": [10, 3, 9],
			"rotation": {"angle": 0, "axis": "y", "origin": [5.61538, 1.26923, 5.42308]},
			"faces": {
				"north": {"uv": [6, 7, 11, 8], "texture": "#0"},
				"east": {"uv": [4, 8, 6, 9], "texture": "#0"},
				"south": {"uv": [6, 10, 11, 11], "texture": "#0"},
				"west": {"uv": [0, 0, 2, 1], "texture": "#0"},
				"up": {"uv": [6, 8, 11, 10], "texture": "#0"},
				"down": {"uv": [4, 5, 9, 7], "texture": "#0"}
			}
		},
		{
			"name": "stone_part",
			"from": [5, 2, 6],
			"to": [7, 3, 7],
			"rotation": {"angle": 0, "axis": "y", "origin": [5.61538, 1.26923, 5.42308]},
			"faces": {
				"north": {"uv": [6, 6, 8, 7], "texture": "#0"},
				"east": {"uv": [0, 0, 1, 1], "texture": "#0"},
				"south": {"uv": [0, 0, 2, 1], "texture": "#0"},
				"west": {"uv": [6, 3, 7, 4], "texture": "#0"},
				"up": {"uv": [6, 7, 8, 8], "texture": "#0"},
				"down": {"uv": [4, 5, 6, 6], "texture": "#0"}
			}
		},
		{
			"name": "stone_part",
			"from": [7, 2, 9],
			"to": [9, 3, 10],
			"rotation": {"angle": 0, "axis": "y", "origin": [5.61538, 1.26923, 5.42308]},
			"faces": {
				"north": {"uv": [0, 0, 2, 1], "texture": "#0"},
				"east": {"uv": [0, 0, 1, 1], "texture": "#0"},
				"south": {"uv": [8, 11, 10, 12], "texture": "#0"},
				"west": {"uv": [0, 0, 1, 1], "texture": "#0"},
				"up": {"uv": [8, 10, 10, 11], "texture": "#0"},
				"down": {"uv": [4, 5, 6, 6], "texture": "#0"}
			}
		}
	],
	"display": {
		"thirdperson_righthand": {
			"rotation": [75, 45, 0],
			"translation": [0, 2.5, 0],
			"scale": [0.375, 0.375, 0.375]
		},
		"thirdperson_lefthand": {
			"rotation": [75, 45, 0],
			"translation": [0, 2.5, 0],
			"scale": [0.375, 0.375, 0.375]
		},
		"firstperson_righthand": {
			"rotation": [0, 45, 0],
			"scale": [0.4, 0.4, 0.4]
		},
		"firstperson_lefthand": {
			"rotation": [0, 225, 0],
			"scale": [0.4, 0.4, 0.4]
		},
		"ground": {
			"translation": [0, 5, 0]
		},
		"gui": {
			"rotation": [30, 225, 0],
			"translation": [0, 5.5, 0]
		},
		"head": {
			"translation": [0, 14.5, 0]
		},
		"fixed": {
			"translation": [0, 7.75, 0]
		}
	},
	"groups": [
		{
			"name": "stone",
			"origin": [7.5, 7.5, 7.5],
			"children": [0, 1, 2, 3, 4, 5, 6, 7, 8, 9, 10, 11, 12]
		}
	]
}