{
  "parent": "minecraft:item/handheld_rod",
  "textures": {
    "layer0": "minecraft:item/warped_fungus_on_a_stick"
  },
  "overrides": [
    {"predicate": {"custom_model_data": 18201}, "model": "item/custom/syringe"},
    {"predicate": {"custom_model_data": 18202}, "model": "item/custom/syringe_full"},
    {"predicate": {"custom_model_data": 18203}, "model": "item/custom/web_tool_1"},
    {"predicate": {"custom_model_data": 18204}, "model": "item/custom/web_tool_2"},
    {"predicate": {"custom_model_data": 18205}, "model": "item/custom/web_tool_3"},
    {"predicate": {"custom_model_data": 18206}, "model": "item/custom/web_tool_4"}
  ]
}