{
	"credit": "Made with Blockbench by GalaxyLinus",
	"texture_size": [32, 32],
	"textures": {
		"1": "custom/c96",
		"particle": "custom/c96"
	},
	"elements": [
		{
			"from": [7.45, 9, -1],
			"to": [8.55, 10.1, 6.5],
			"rotation": {"angle": 0, "axis": "y", "origin": [8.05, 9.5, 3.375]},
			"faces": {
				"north": {"uv": [10, 2, 10.5, 2.5], "texture": "#1"},
				"east": {"uv": [5, 2, 8.75, 2.5], "texture": "#1"},
				"south": {"uv": [10, 2.5, 10.5, 3], "texture": "#1"},
				"west": {"uv": [2.5, 5, 6.25, 5.5], "texture": "#1"},
				"up": {"uv": [3, 9.25, 2.5, 5.5], "texture": "#1"},
				"down": {"uv": [3.5, 5.5, 3, 9.25], "texture": "#1"}
			}
		},
		{
			"from": [7.375, 4.775, 6.9],
			"to": [8.625, 9.475, 10.1],
			"rotation": {"angle": 0, "axis": "y", "origin": [8, 3.5, 5]},
			"faces": {
				"north": {"uv": [5, 2.5, 5.75, 5], "texture": "#1"},
				"east": {"uv": [2, 0, 3.5, 2.5], "texture": "#1"},
				"south": {"uv": [3.5, 5.5, 4.25, 8], "texture": "#1"},
				"west": {"uv": [3.5, 0, 2, 2.5], "texture": "#1"},
				"up": {"uv": [8.75, 4, 8, 2.5], "texture": "#1"},
				"down": {"uv": [4.25, 8, 3.5, 9.5], "texture": "#1"}
			}
		},
		{
			"from": [7.35, 6.75, 10.075],
			"to": [8.65, 8.75, 14.7],
			"rotation": {"angle": 0, "axis": "y", "origin": [8, 3.5, 5]},
			"faces": {
				"north": {"uv": [9, 2.5, 9.75, 3.5], "texture": "#1"},
				"east": {"uv": [2.25, 5, 0, 6], "texture": "#1"},
				"south": {"uv": [9, 3.5, 9.75, 4.5], "texture": "#1"},
				"west": {"uv": [0, 5, 2.25, 6], "texture": "#1"},
				"up": {"uv": [0.75, 9.25, 0, 7], "texture": "#1"},
				"down": {"uv": [1.75, 7, 1, 9.25], "texture": "#1"}
			}
		},
		{
			"from": [7.125, 8.275, 6.925],
			"to": [8.875, 8.975, 14.675],
			"rotation": {"angle": 0, "axis": "y", "origin": [8, 3.5, 5]},
			"faces": {
				"north": {"uv": [6.5, 5, 7.5, 5.5], "texture": "#1"},
				"east": {"uv": [5, 1.5, 9, 2], "texture": "#1"},
				"south": {"uv": [9.5, 0.5, 10.5, 1], "texture": "#1"},
				"west": {"uv": [5, 1.5, 9, 2], "texture": "#1"},
				"up": {"uv": [1, 4, 0, 0], "texture": "#1"},
				"down": {"uv": [2, 0, 1, 4], "texture": "#1"}
			}
		},
		{
			"from": [8, 4.75, 9.875],
			"to": [8, 6.85, 13.375],
			"rotation": {"angle": 0, "axis": "y", "origin": [7.95, 3.5, 5]},
			"faces": {
				"north": {"uv": [0, 0, 0, 1], "texture": "#1"},
				"east": {"uv": [0, 4, 1.75, 5], "texture": "#1"},
				"south": {"uv": [0, 0, 0, 1], "texture": "#1"},
				"west": {"uv": [5.5, 6.5, 7.25, 7.5], "texture": "#1"},
				"up": {"uv": [0, 1.75, 0, 0], "texture": "#1"},
				"down": {"uv": [0, 0, 0, 1.75], "texture": "#1"}
			}
		},
		{
			"from": [7.351, 6.751, 13.876],
			"to": [8.649, 8.499, 15.874],
			"rotation": {"angle": 0, "axis": "y", "origin": [8, 3.5, 5]},
			"faces": {
				"north": {"uv": [4.5, 9, 5.25, 10], "texture": "#1"},
				"east": {"uv": [9, 4, 8, 5], "texture": "#1"},
				"south": {"uv": [5.5, 9, 6.25, 10], "texture": "#1"},
				"west": {"uv": [8, 4, 9, 5], "texture": "#1"},
				"up": {"uv": [7.25, 10, 6.5, 9], "texture": "#1"},
				"down": {"uv": [0.75, 9.5, 0, 10.5], "texture": "#1"}
			}
		},
		{
			"from": [8, 8.625, 15],
			"to": [8, 11.375, 17],
			"rotation": {"angle": 45, "axis": "x", "origin": [8, 9.5, 14.875]},
			"faces": {
				"north": {"uv": [0, 0, 0, 1.5], "texture": "#1"},
				"east": {"uv": [5.5, 7.5, 6.5, 9], "texture": "#1"},
				"south": {"uv": [0, 0, 0, 1.5], "texture": "#1"},
				"west": {"uv": [6.5, 7.5, 7.5, 9], "texture": "#1"},
				"up": {"uv": [0, 1, 0, 0], "texture": "#1"},
				"down": {"uv": [0, 0, 0, 1], "texture": "#1"}
			}
		},
		{
			"from": [7.35, 5.75, 13.375],
			"to": [8.65, 6.8, 15.875],
			"rotation": {"angle": 0, "axis": "y", "origin": [8, 6.25, 14.625]},
			"faces": {
				"north": {"uv": [9.5, 6, 10.25, 6.5], "texture": "#1"},
				"east": {"uv": [10.25, 4.5, 9, 5], "texture": "#1"},
				"south": {"uv": [9.5, 6.5, 10.25, 7], "texture": "#1"},
				"west": {"uv": [9, 4.5, 10.25, 5], "texture": "#1"},
				"up": {"uv": [9.25, 7.25, 8.5, 6], "texture": "#1"},
				"down": {"uv": [8.25, 8.5, 7.5, 9.75], "texture": "#1"}
			}
		},
		{
			"from": [7.2, 1.875, 13.375],
			"to": [8.8, 6.375, 16.125],
			"rotation": {"angle": -22.5, "axis": "x", "origin": [8, 6.25, 14.625]},
			"faces": {
				"north": {"uv": [7, 2.5, 7.75, 4.75], "texture": "#1"},
				"east": {"uv": [3.5, 0, 4.75, 2.25], "texture": "#1"},
				"south": {"uv": [7.5, 5, 8.25, 7.25], "texture": "#1"},
				"west": {"uv": [3.5, 2.5, 4.75, 4.75], "texture": "#1"},
				"up": {"uv": [9.25, 9.75, 8.5, 8.5], "texture": "#1"},
				"down": {"uv": [9.75, 1, 9, 2.25], "texture": "#1"}
			}
		},
		{
			"from": [7.35, 8.725, 9.875],
			"to": [8.65, 10.25, 14.7],
			"rotation": {"angle": 0, "axis": "y", "origin": [8, 3.5, 5]},
			"faces": {
				"north": {"uv": [1, 9.5, 1.75, 10.25], "texture": "#1"},
				"east": {"uv": [4.5, 5.5, 7, 6.25], "texture": "#1"},
				"south": {"uv": [2.5, 9.5, 3.25, 10.25], "texture": "#1"},
				"west": {"uv": [0, 6, 2.5, 6.75], "texture": "#1"},
				"up": {"uv": [6.75, 5, 6, 2.5], "texture": "#1"},
				"down": {"uv": [5.25, 6.5, 4.5, 9], "texture": "#1"}
			}
		},
		{
			"from": [7.35, 8.75, 5.875],
			"to": [8.65, 10.25, 6.875],
			"rotation": {"angle": 0, "axis": "y", "origin": [8, 9.5, 6.375]},
			"faces": {
				"north": {"uv": [3.5, 9.5, 4.25, 10.25], "texture": "#1"},
				"east": {"uv": [7, 5.5, 7.5, 6.25], "texture": "#1"},
				"south": {"uv": [9.5, 5, 10.25, 5.75], "texture": "#1"},
				"west": {"uv": [9.5, 7, 10, 7.75], "texture": "#1"},
				"up": {"uv": [10.25, 8.5, 9.5, 8], "texture": "#1"},
				"down": {"uv": [10.25, 8.5, 9.5, 9], "texture": "#1"}
			}
		},
		{
			"from": [7.6, 8.75, 6.7],
			"to": [8.4, 10, 9.975],
			"rotation": {"angle": 0, "axis": "y", "origin": [8, 3.5, 5]},
			"faces": {
				"north": {"uv": [9.5, 9, 10, 9.75], "texture": "#1"},
				"east": {"uv": [7.5, 0, 9.25, 0.75], "texture": "#1"},
				"south": {"uv": [10, 1, 10.5, 1.75], "texture": "#1"},
				"west": {"uv": [7.5, 7.5, 9.25, 8.25], "texture": "#1"},
				"up": {"uv": [2.5, 8.75, 2, 7], "texture": "#1"},
				"down": {"uv": [2.5, 9, 2, 10.75], "texture": "#1"}
			}
		}
	],
	"display": {
		"thirdperson_righthand": {
			"translation": [0, 1, -4],
			"scale": [0.75, 0.75, 0.75]
		},
		"thirdperson_lefthand": {
			"translation": [0, 1, -4],
			"scale": [0.75, 0.75, 0.75]
		},
		"firstperson_righthand": {
			"rotation": [10, -6, 10.75],
			"translation": [1.5, 5.75, -5]
		},
		"firstperson_lefthand": {
			"rotation": [10, -6, 10.75],
			"translation": [1.5, 5.75, -5]
		},
		"ground": {
			"translation": [0, 4.25, 0]
		},
		"gui": {
			"rotation": [0, 80.5, 0],
			"scale": [0.76, 0.76, 0.76]
		},
		"fixed": {
			"rotation": [0, -90, 0],
			"translation": [0, 0.25, -1.5],
			"scale": [0.94, 0.94, 0.94]
		}
	},
	"groups": [
		{
			"name": "group",
			"origin": [8, 8, 8],
			"color": 0,
			"children": [0, 1, 2, 3, 4, 5, 6, 7, 8, 9, 10, 11]
		}
	]
}