{
	"credit": "Made with Blockbench by GalaxyLinus",
	"texture_size": [128, 128],
	"textures": {
		"1": "custom/colt"
	},
	"elements": [
		{
			"from": [6.85, 10.8, -13.5],
			"to": [9.15, 13.1, 11.825],
			"rotation": {"angle": 0, "axis": "y", "origin": [7.35, 11.5, 0.5]},
			"faces": {
				"north": {"uv": [2.75, 6.125, 3, 6.375], "texture": "#1"},
				"east": {"uv": [0, 0, 3.125, 0.25], "texture": "#1"},
				"south": {"uv": [3.125, 6.125, 3.375, 6.375], "texture": "#1"},
				"west": {"uv": [0, 0.375, 3.125, 0.625], "texture": "#1"},
				"up": {"uv": [0.25, 3.875, 0, 0.75], "texture": "#1"},
				"down": {"uv": [0.625, 0.75, 0.375, 3.875], "texture": "#1"}
			}
		},
		{
			"from": [7.35, 11.2, 11.25],
			"to": [8.65, 12.5, 13.075],
			"rotation": {"angle": 45, "axis": "z", "origin": [8, 11.95, 12.1625]},
			"faces": {
				"north": {"uv": [3.25, 0.5, 3.375, 0.625], "texture": "#1"},
				"east": {"uv": [5, 1.5, 5.25, 1.625], "texture": "#1"},
				"south": {"uv": [5.5, 2.5, 5.625, 2.625], "texture": "#1"},
				"west": {"uv": [6.5, 5.25, 6.75, 5.375], "texture": "#1"},
				"up": {"uv": [5.25, 3, 5.125, 2.75], "texture": "#1"},
				"down": {"uv": [5.625, 6.5, 5.5, 6.75], "texture": "#1"}
			}
		},
		{
			"from": [6.85, 9.3, 5.1],
			"to": [9.15, 10.85, 11.825],
			"rotation": {"angle": 0, "axis": "y", "origin": [7.35, 11.5, 0.5]},
			"faces": {
				"north": {"uv": [4.25, 6.125, 4.5, 6.375], "texture": "#1"},
				"east": {"uv": [3.625, 2.5, 4.5, 2.75], "texture": "#1"},
				"south": {"uv": [6.125, 4.25, 6.375, 4.5], "texture": "#1"},
				"west": {"uv": [3.625, 2.875, 4.5, 3.125], "texture": "#1"},
				"up": {"uv": [2.625, 4.75, 2.375, 3.875], "texture": "#1"},
				"down": {"uv": [3, 3.875, 2.75, 4.75], "texture": "#1"}
			}
		},
		{
			"from": [6.85, 8.55, 10.1],
			"to": [9.15, 9.325, 11.075],
			"rotation": {"angle": 0, "axis": "y", "origin": [7.35, 11.5, 0.5]},
			"faces": {
				"north": {"uv": [6.5, 5.5, 6.75, 5.625], "texture": "#1"},
				"east": {"uv": [7, 3.375, 7.125, 3.5], "texture": "#1"},
				"south": {"uv": [6.5, 5.75, 6.75, 5.875], "texture": "#1"},
				"west": {"uv": [3.5, 7, 3.625, 7.125], "texture": "#1"},
				"up": {"uv": [6.75, 6.125, 6.5, 6], "texture": "#1"},
				"down": {"uv": [6.375, 6.5, 6.125, 6.625], "texture": "#1"}
			}
		},
		{
			"from": [6.85, 7.67167, 10.74215],
			"to": [9.15, 8.87167, 11.71715],
			"rotation": {"angle": -22.5, "axis": "x", "origin": [8, 7.09667, 11.22965]},
			"faces": {
				"north": {"uv": [6.5, 6.25, 6.75, 6.375], "texture": "#1"},
				"east": {"uv": [7, 3.625, 7.125, 3.75], "texture": "#1"},
				"south": {"uv": [6.5, 6.5, 6.75, 6.625], "texture": "#1"},
				"west": {"uv": [3.75, 7, 3.875, 7.125], "texture": "#1"},
				"up": {"uv": [0.25, 6.75, 0, 6.625], "texture": "#1"},
				"down": {"uv": [0.875, 6.625, 0.625, 6.75], "texture": "#1"}
			}
		},
		{
			"from": [6.85, 7.10594, 11.67155],
			"to": [9.15, 8.30594, 12.64655],
			"rotation": {"angle": -45, "axis": "x", "origin": [8, 6.53094, 12.15905]},
			"faces": {
				"north": {"uv": [6.625, 1, 6.875, 1.125], "texture": "#1"},
				"east": {"uv": [7, 3.875, 7.125, 4], "texture": "#1"},
				"south": {"uv": [6.625, 1.25, 6.875, 1.375], "texture": "#1"},
				"west": {"uv": [4, 7, 4.125, 7.125], "texture": "#1"},
				"up": {"uv": [6.875, 1.625, 6.625, 1.5], "texture": "#1"},
				"down": {"uv": [6.875, 1.75, 6.625, 1.875], "texture": "#1"}
			}
		},
		{
			"from": [6.85, 7.57204, 10.3715],
			"to": [9.15, 8.37204, 13.4465],
			"rotation": {"angle": 22.5, "axis": "x", "origin": [8, 7.75954, 11.284]},
			"faces": {
				"north": {"uv": [6.625, 2, 6.875, 2.125], "texture": "#1"},
				"east": {"uv": [6.125, 1.5, 6.5, 1.625], "texture": "#1"},
				"south": {"uv": [6.625, 2.25, 6.875, 2.375], "texture": "#1"},
				"west": {"uv": [6.25, 0.5, 6.625, 0.625], "texture": "#1"},
				"up": {"uv": [5.75, 2.375, 5.5, 2], "texture": "#1"},
				"down": {"uv": [5.75, 4.625, 5.5, 5], "texture": "#1"}
			}
		},
		{
			"from": [6.849, 6.59182, 11.40675],
			"to": [9.151, 7.76882, 21.08375],
			"rotation": {"angle": 0, "axis": "y", "origin": [8, 6.99282, 12.94525]},
			"faces": {
				"north": {"uv": [6.625, 2.5, 6.875, 2.625], "texture": "#1"},
				"east": {"uv": [4.375, 1.75, 5.625, 1.875], "texture": "#1"},
				"south": {"uv": [6.625, 2.75, 6.875, 2.875], "texture": "#1"},
				"west": {"uv": [4.875, 0.5, 6.125, 0.625], "texture": "#1"},
				"up": {"uv": [1.5, 4.375, 1.25, 3.125], "texture": "#1"},
				"down": {"uv": [1.875, 3.125, 1.625, 4.375], "texture": "#1"}
			}
		},
		{
			"from": [6.85, 6.54282, 20.98275],
			"to": [9.15, 9.44282, 22.30775],
			"rotation": {"angle": 0, "axis": "y", "origin": [8, 6.99282, 12.94525]},
			"faces": {
				"north": {"uv": [5.5, 5.125, 5.75, 5.5], "texture": "#1"},
				"east": {"uv": [1.75, 4.5, 1.875, 4.875], "texture": "#1"},
				"south": {"uv": [0.375, 5.625, 0.625, 6], "texture": "#1"},
				"west": {"uv": [4.875, 2, 5, 2.375], "texture": "#1"},
				"up": {"uv": [6.875, 3.125, 6.625, 3], "texture": "#1"},
				"down": {"uv": [6.875, 3.25, 6.625, 3.375], "texture": "#1"}
			}
		},
		{
			"from": [6.875, 7.83032, 19.17025],
			"to": [9.125, 9.10532, 22.02025],
			"rotation": {"angle": -45, "axis": "x", "origin": [8, 7.99282, 21.64525]},
			"faces": {
				"north": {"uv": [6.875, 3.25, 6.625, 3.375], "rotation": 180, "texture": "#1"},
				"east": {"uv": [1.75, 4.5, 1.875, 4.875], "rotation": 270, "texture": "#1"},
				"south": {"uv": [6.875, 3.125, 6.625, 3], "texture": "#1"},
				"west": {"uv": [4.875, 2, 5, 2.375], "rotation": 90, "texture": "#1"},
				"up": {"uv": [5.5, 5.125, 5.75, 5.5], "rotation": 180, "texture": "#1"},
				"down": {"uv": [0.375, 5.625, 0.625, 6], "texture": "#1"}
			}
		},
		{
			"from": [6.9, 6.97373, 18.14191],
			"to": [9.1, 8.19873, 20.94191],
			"rotation": {"angle": -22.5, "axis": "x", "origin": [8, 7.58623, 20.56691]},
			"faces": {
				"north": {"uv": [6.875, 3.25, 6.625, 3.375], "rotation": 180, "texture": "#1"},
				"east": {"uv": [1.75, 4.5, 1.875, 4.875], "rotation": 270, "texture": "#1"},
				"south": {"uv": [6.875, 3.125, 6.625, 3], "texture": "#1"},
				"west": {"uv": [4.875, 2, 5, 2.375], "rotation": 90, "texture": "#1"},
				"up": {"uv": [5.5, 5.125, 5.75, 5.5], "rotation": 180, "texture": "#1"},
				"down": {"uv": [0.375, 5.625, 0.625, 6], "texture": "#1"}
			}
		},
		{
			"from": [6.876, 4.6575, 15.414],
			"to": [9.124, 6.6805, 20.337],
			"rotation": {"angle": 22.5, "axis": "x", "origin": [8, 5.769, 18.788]},
			"faces": {
				"north": {"uv": [6.125, 4.625, 6.375, 4.875], "texture": "#1"},
				"east": {"uv": [4, 2.125, 4.75, 2.375], "texture": "#1"},
				"south": {"uv": [6.125, 5, 6.375, 5.25], "texture": "#1"},
				"west": {"uv": [4, 3.25, 4.75, 3.5], "texture": "#1"},
				"up": {"uv": [4.25, 4.375, 4, 3.625], "texture": "#1"},
				"down": {"uv": [3.75, 4.125, 3.5, 4.875], "texture": "#1"}
			}
		},
		{
			"from": [6.85, 5.89282, 13.23275],
			"to": [9.15, 6.59282, 13.83275],
			"rotation": {"angle": 0, "axis": "y", "origin": [8, 6.99282, 12.94525]},
			"faces": {
				"north": {"uv": [6.625, 4, 6.875, 4.125], "texture": "#1"},
				"east": {"uv": [4.25, 7, 4.375, 7.125], "texture": "#1"},
				"south": {"uv": [4.875, 6.625, 5.125, 6.75], "texture": "#1"},
				"west": {"uv": [4.5, 7, 4.625, 7.125], "texture": "#1"},
				"up": {"uv": [6, 6.75, 5.75, 6.625], "texture": "#1"},
				"down": {"uv": [7, 0, 6.75, 0.125], "texture": "#1"}
			}
		},
		{
			"from": [8, 1.04282, 13.23275],
			"to": [8, 5.74282, 22.43275],
			"rotation": {"angle": 0, "axis": "y", "origin": [9.15, 6.99282, 12.94525]},
			"faces": {
				"north": {"uv": [5.75, 7.125, 5.75, 7.75], "texture": "#1"},
				"east": {"uv": [0.75, 0.75, 1.875, 1.375], "texture": "#1"},
				"south": {"uv": [5.875, 7.125, 5.875, 7.75], "texture": "#1"},
				"west": {"uv": [0.75, 1.5, 1.875, 2.125], "texture": "#1"},
				"up": {"uv": [6, 8.25, 6, 7.125], "texture": "#1"},
				"down": {"uv": [7.125, 6, 7.125, 7.125], "texture": "#1"}
			}
		},
		{
			"from": [6.851, 7.36062, 11.70964],
			"to": [9.149, 8.15862, 13.68264],
			"rotation": {"angle": 22.5, "axis": "x", "origin": [8, 7.75962, 9.77114]},
			"faces": {
				"north": {"uv": [6.75, 0.25, 7, 0.375], "texture": "#1"},
				"east": {"uv": [6.75, 0.5, 7, 0.625], "texture": "#1"},
				"south": {"uv": [1, 6.75, 1.25, 6.875], "texture": "#1"},
				"west": {"uv": [3.5, 6.75, 3.75, 6.875], "texture": "#1"},
				"up": {"uv": [6.375, 5.625, 6.125, 5.375], "texture": "#1"},
				"down": {"uv": [5.75, 6.125, 5.5, 6.375], "texture": "#1"}
			}
		},
		{
			"from": [6.851, 4.11815, 13.61747],
			"to": [9.149, 5.79115, 19.21547],
			"rotation": {"angle": 22.5, "axis": "x", "origin": [8, 5.40465, 18.42897]},
			"faces": {
				"north": {"uv": [5.375, 1.375, 5.625, 1.625], "texture": "#1"},
				"east": {"uv": [4, 0.5, 4.75, 0.75], "texture": "#1"},
				"south": {"uv": [5.875, 2, 6.125, 2.25], "texture": "#1"},
				"west": {"uv": [4, 0.875, 4.75, 1.125], "texture": "#1"},
				"up": {"uv": [0.625, 4.75, 0.375, 4], "texture": "#1"},
				"down": {"uv": [4.25, 1.25, 4, 2], "texture": "#1"}
			}
		},
		{
			"from": [6.85, 3.86782, 18.70775],
			"to": [9.15, 6.59282, 22.30775],
			"rotation": {"angle": 0, "axis": "y", "origin": [8, 4.34282, 16.45775]},
			"faces": {
				"north": {"uv": [2.875, 5.625, 3.125, 6], "texture": "#1"},
				"east": {"uv": [4.375, 1.25, 4.875, 1.625], "texture": "#1"},
				"south": {"uv": [4.25, 5.625, 4.5, 6], "texture": "#1"},
				"west": {"uv": [4.375, 3.625, 4.875, 4], "texture": "#1"},
				"up": {"uv": [5.375, 5.125, 5.125, 4.625], "texture": "#1"},
				"down": {"uv": [5.375, 5.25, 5.125, 5.75], "texture": "#1"}
			}
		},
		{
			"from": [6.875, 2.7749, 23.68312],
			"to": [9.125, 6.8499, 28.80812],
			"rotation": {"angle": 45, "axis": "x", "origin": [8, 5.1124, 25.12062]},
			"faces": {
				"north": {"uv": [5.375, 0.75, 5.625, 1.25], "texture": "#1"},
				"east": {"uv": [2, 3.25, 2.625, 3.75], "texture": "#1"},
				"south": {"uv": [5.375, 2.75, 5.625, 3.25], "texture": "#1"},
				"west": {"uv": [2.75, 3.25, 3.375, 3.75], "texture": "#1"},
				"up": {"uv": [0.625, 5.5, 0.375, 4.875], "texture": "#1"},
				"down": {"uv": [2.625, 4.875, 2.375, 5.5], "texture": "#1"}
			}
		},
		{
			"from": [6.85, 3.86782, 22.40775],
			"to": [9.15, 7.39282, 25.33275],
			"rotation": {"angle": 0, "axis": "y", "origin": [8, 4.34282, 16.45775]},
			"faces": {
				"north": {"uv": [5.375, 3.375, 5.625, 3.875], "texture": "#1"},
				"east": {"uv": [4.375, 4.125, 4.75, 4.625], "texture": "#1"},
				"south": {"uv": [3.875, 5.375, 4.125, 5.875], "texture": "#1"},
				"west": {"uv": [1.25, 4.5, 1.625, 5], "texture": "#1"},
				"up": {"uv": [5.75, 6, 5.5, 5.625], "texture": "#1"},
				"down": {"uv": [0.25, 5.75, 0, 6.125], "texture": "#1"}
			}
		},
		{
			"from": [6.851, -3.70565, 27.89708],
			"to": [9.149, 2.74235, 30.54508],
			"rotation": {"angle": -22.5, "axis": "x", "origin": [8, -0.73165, 27.32108]},
			"faces": {
				"north": {"uv": [3.875, 4.5, 4.125, 5.25], "texture": "#1"},
				"east": {"uv": [3.5, 0.5, 3.875, 1.25], "texture": "#1"},
				"south": {"uv": [4.25, 4.75, 4.5, 5.5], "texture": "#1"},
				"west": {"uv": [3.5, 3.25, 3.875, 4], "texture": "#1"},
				"up": {"uv": [6, 1.125, 5.75, 0.75], "texture": "#1"},
				"down": {"uv": [6, 1.25, 5.75, 1.625], "texture": "#1"}
			}
		},
		{
			"from": [6.85, -3.23702, 24.87077],
			"to": [9.15, 3.71298, 28.97077],
			"rotation": {"angle": 0, "axis": "y", "origin": [8, 4.17548, 25.63327]},
			"faces": {
				"north": {"uv": [3.125, 3.875, 3.375, 4.75], "texture": "#1"},
				"east": {"uv": [2.25, 2.25, 2.75, 3.125], "texture": "#1"},
				"south": {"uv": [0, 4, 0.25, 4.875], "texture": "#1"},
				"west": {"uv": [2.875, 0.75, 3.375, 1.625], "texture": "#1"},
				"up": {"uv": [5.625, 4.5, 5.375, 4], "texture": "#1"},
				"down": {"uv": [4.875, 5.375, 4.625, 5.875], "texture": "#1"}
			}
		},
		{
			"from": [8.59571, 8.2014, 19.00775],
			"to": [10.34571, 12.7514, 20.30775],
			"rotation": {"angle": 0, "axis": "y", "origin": [8.07071, 10.4764, 19.7765]},
			"faces": {
				"north": {"uv": [2.75, 4.875, 3, 5.5], "texture": "#1"},
				"east": {"uv": [5, 5.875, 5.125, 6.5], "texture": "#1"},
				"south": {"uv": [3.125, 4.875, 3.375, 5.5], "texture": "#1"},
				"west": {"uv": [5.875, 5.125, 6, 5.75], "texture": "#1"},
				"up": {"uv": [4.125, 6.875, 3.875, 6.75], "texture": "#1"},
				"down": {"uv": [7, 4.25, 6.75, 4.375], "texture": "#1"}
			}
		},
		{
			"from": [5.65429, 8.2014, 19.00775],
			"to": [7.40429, 12.7514, 20.30775],
			"rotation": {"angle": 0, "axis": "y", "origin": [7.92929, 10.4764, 19.7765]},
			"faces": {
				"north": {"uv": [3, 4.875, 2.75, 5.5], "texture": "#1"},
				"east": {"uv": [6, 5.125, 5.875, 5.75], "texture": "#1"},
				"south": {"uv": [3.375, 4.875, 3.125, 5.5], "texture": "#1"},
				"west": {"uv": [5.125, 5.875, 5, 6.5], "texture": "#1"},
				"up": {"uv": [3.875, 6.875, 4.125, 6.75], "texture": "#1"},
				"down": {"uv": [6.75, 4.25, 7, 4.375], "texture": "#1"}
			}
		},
		{
			"from": [7.34571, 8.1514, 19.10775],
			"to": [8.69571, 12.9014, 20.45775],
			"rotation": {"angle": 0, "axis": "y", "origin": [8.07071, 10.5764, 19.8765]},
			"faces": {
				"north": {"uv": [5.25, 5.875, 5.375, 6.5], "texture": "#1"},
				"east": {"uv": [5.875, 5.875, 6, 6.5], "texture": "#1"},
				"south": {"uv": [3.75, 6, 3.875, 6.625], "texture": "#1"},
				"west": {"uv": [4, 6, 4.125, 6.625], "texture": "#1"},
				"up": {"uv": [7.125, 4.875, 7, 4.75], "texture": "#1"},
				"down": {"uv": [5.375, 7, 5.25, 7.125], "texture": "#1"}
			}
		},
		{
			"from": [6.3375, 9.32679, 18.47469],
			"to": [9.6625, 11.62679, 20.77469],
			"rotation": {"angle": -45, "axis": "x", "origin": [8.8125, 10.97679, 20.74969]},
			"faces": {
				"north": {"uv": [1.625, 5.75, 2, 6], "texture": "#1"},
				"east": {"uv": [6.125, 5.75, 6.375, 6], "texture": "#1"},
				"south": {"uv": [5.75, 2.5, 6.125, 2.75], "texture": "#1"},
				"west": {"uv": [6.125, 6.125, 6.375, 6.375], "texture": "#1"},
				"up": {"uv": [6.125, 3.125, 5.75, 2.875], "texture": "#1"},
				"down": {"uv": [3.625, 5.75, 3.25, 6], "texture": "#1"}
			}
		},
		{
			"from": [7.93026, 9.8014, 17.83816],
			"to": [10.23026, 11.1514, 19.58816],
			"rotation": {"angle": -22.5, "axis": "y", "origin": [4.08026, 10.4764, 19.36316]},
			"faces": {
				"north": {"uv": [6.125, 6.75, 6.375, 6.875], "texture": "#1"},
				"east": {"uv": [6.5, 6.75, 6.75, 6.875], "texture": "#1"},
				"south": {"uv": [0, 6.875, 0.25, 7], "texture": "#1"},
				"west": {"uv": [0.375, 6.875, 0.625, 7], "texture": "#1"},
				"up": {"uv": [0.25, 6.5, 0, 6.25], "texture": "#1"},
				"down": {"uv": [6.5, 2, 6.25, 2.25], "texture": "#1"}
			}
		},
		{
			"from": [5.76974, 9.8014, 17.83816],
			"to": [8.06974, 11.1514, 19.58816],
			"rotation": {"angle": 22.5, "axis": "y", "origin": [11.91974, 10.4764, 19.36316]},
			"faces": {
				"north": {"uv": [6.375, 6.75, 6.125, 6.875], "texture": "#1"},
				"east": {"uv": [0.625, 6.875, 0.375, 7], "texture": "#1"},
				"south": {"uv": [0.25, 6.875, 0, 7], "texture": "#1"},
				"west": {"uv": [6.75, 6.75, 6.5, 6.875], "texture": "#1"},
				"up": {"uv": [0, 6.5, 0.25, 6.25], "texture": "#1"},
				"down": {"uv": [6.25, 2, 6.5, 2.25], "texture": "#1"}
			}
		},
		{
			"from": [5.725, 7.7014, 13.00775],
			"to": [10.275, 12.7514, 19.05775],
			"rotation": {"angle": 0, "axis": "y", "origin": [8, 10.4764, 19.7765]},
			"faces": {
				"north": {"uv": [2.875, 1.75, 3.5, 2.375], "texture": "#1"},
				"east": {"uv": [2, 0.75, 2.75, 1.375], "texture": "#1"},
				"south": {"uv": [2.875, 2.5, 3.5, 3.125], "texture": "#1"},
				"west": {"uv": [2, 1.5, 2.75, 2.125], "texture": "#1"},
				"up": {"uv": [1.375, 3, 0.75, 2.25], "texture": "#1"},
				"down": {"uv": [2.125, 2.25, 1.5, 3], "texture": "#1"}
			}
		},
		{
			"from": [6.3375, 8.40811, 18.5087],
			"to": [9.6625, 12.95811, 20.8087],
			"rotation": {"angle": 45, "axis": "x", "origin": [10.0625, 10.68311, 19.1587]},
			"faces": {
				"north": {"uv": [1.75, 6.125, 1.875, 6.75], "texture": "#1"},
				"east": {"uv": [3.5, 5, 3.75, 5.625], "texture": "#1"},
				"south": {"uv": [2, 6.125, 2.125, 6.75], "texture": "#1"},
				"west": {"uv": [5, 3.875, 5.25, 4.5], "texture": "#1"},
				"up": {"uv": [7, 5.625, 6.875, 5.375], "texture": "#1"},
				"down": {"uv": [5.625, 6.875, 5.5, 7.125], "texture": "#1"}
			}
		},
		{
			"from": [6.3375, 9.82505, 19.75909],
			"to": [9.6875, 11.12505, 21.93409],
			"rotation": {"angle": 0, "axis": "y", "origin": [8.8875, 10.50005, 19.77784]},
			"faces": {
				"north": {"uv": [6.625, 7, 6.75, 7.125], "texture": "#1"},
				"east": {"uv": [5.75, 6.875, 6, 7], "texture": "#1"},
				"south": {"uv": [0, 7.125, 0.125, 7.25], "texture": "#1"},
				"west": {"uv": [6.875, 5.75, 7.125, 5.875], "texture": "#1"},
				"up": {"uv": [7, 6.25, 6.875, 6], "texture": "#1"},
				"down": {"uv": [7, 6.375, 6.875, 6.625], "texture": "#1"}
			}
		},
		{
			"from": [7.37071, 8.75811, 18.5337],
			"to": [8.67071, 13.30811, 20.9087],
			"rotation": {"angle": 45, "axis": "x", "origin": [9.82071, 10.78311, 19.0087]},
			"faces": {
				"north": {"uv": [2.25, 6.125, 2.375, 6.75], "texture": "#1"},
				"east": {"uv": [1.25, 5.125, 1.5, 5.75], "texture": "#1"},
				"south": {"uv": [2.5, 6.125, 2.625, 6.75], "texture": "#1"},
				"west": {"uv": [5.125, 2, 5.375, 2.625], "texture": "#1"},
				"up": {"uv": [7, 7, 6.875, 6.75], "texture": "#1"},
				"down": {"uv": [1.125, 7, 1, 7.25], "texture": "#1"}
			}
		},
		{
			"from": [8, 8.50811, 18.5837],
			"to": [8, 16.10811, 20.6587],
			"rotation": {"angle": 45, "axis": "x", "origin": [11.45, 10.78311, 19.0087]},
			"faces": {
				"north": {"uv": [6.875, 7.125, 6.875, 8.125], "texture": "#1"},
				"east": {"uv": [3.625, 1.375, 3.875, 2.375], "texture": "#1"},
				"south": {"uv": [7, 7.125, 7, 8.125], "texture": "#1"},
				"west": {"uv": [2, 3.875, 2.25, 4.875], "texture": "#1"},
				"up": {"uv": [3.5, 1.625, 3.5, 1.375], "texture": "#1"},
				"down": {"uv": [3.875, 4.125, 3.875, 4.375], "texture": "#1"}
			}
		},
		{
			"from": [7.37071, 9.30005, 19.60909],
			"to": [8.67071, 11.22505, 22.13409],
			"rotation": {"angle": 0, "axis": "y", "origin": [9.77071, 10.60005, 19.62784]},
			"faces": {
				"north": {"uv": [7, 1, 7.125, 1.25], "texture": "#1"},
				"east": {"uv": [5.75, 3.25, 6.125, 3.5], "texture": "#1"},
				"south": {"uv": [7, 1.375, 7.125, 1.625], "texture": "#1"},
				"west": {"uv": [5.75, 3.625, 6.125, 3.875], "texture": "#1"},
				"up": {"uv": [6.5, 1.375, 6.375, 1], "texture": "#1"},
				"down": {"uv": [6.625, 0, 6.5, 0.375], "texture": "#1"}
			}
		},
		{
			"from": [7.35, 9.3, -12.4],
			"to": [8.65, 12.1, -11.65],
			"rotation": {"angle": 0, "axis": "y", "origin": [7.35, 11.5, 0.5]},
			"faces": {
				"north": {"uv": [2.75, 6.5, 2.875, 6.875], "texture": "#1"},
				"east": {"uv": [3, 6.5, 3.125, 6.875], "texture": "#1"},
				"south": {"uv": [3.25, 6.5, 3.375, 6.875], "texture": "#1"},
				"west": {"uv": [4.25, 6.5, 4.375, 6.875], "texture": "#1"},
				"up": {"uv": [7.25, 0.125, 7.125, 0], "texture": "#1"},
				"down": {"uv": [0.375, 7.125, 0.25, 7.25], "texture": "#1"}
			}
		},
		{
			"from": [7.75, 12.3, -12.4],
			"to": [8.25, 13.6, -11.65],
			"rotation": {"angle": 0, "axis": "y", "origin": [6.95, 11.5, 0.5]},
			"faces": {
				"north": {"uv": [7.125, 0.25, 7.25, 0.375], "texture": "#1"},
				"east": {"uv": [0.5, 7.125, 0.625, 7.25], "texture": "#1"},
				"south": {"uv": [7.125, 0.5, 7.25, 0.625], "texture": "#1"},
				"west": {"uv": [1.25, 7.125, 1.375, 7.25], "texture": "#1"},
				"up": {"uv": [1.625, 7.25, 1.5, 7.125], "texture": "#1"},
				"down": {"uv": [1.875, 7.125, 1.75, 7.25], "texture": "#1"}
			}
		},
		{
			"from": [7.35, 9.3, 1.95],
			"to": [8.65, 12.85, 5.15],
			"rotation": {"angle": 0, "axis": "y", "origin": [7.35, 11.5, 0.5]},
			"faces": {
				"north": {"uv": [2.125, 5, 2.25, 5.5], "texture": "#1"},
				"east": {"uv": [4.625, 2.5, 5, 3], "texture": "#1"},
				"south": {"uv": [3.5, 6.125, 3.625, 6.625], "texture": "#1"},
				"west": {"uv": [4.625, 4.75, 5, 5.25], "texture": "#1"},
				"up": {"uv": [6.625, 4.625, 6.5, 4.25], "texture": "#1"},
				"down": {"uv": [6.625, 4.75, 6.5, 5.125], "texture": "#1"}
			}
		},
		{
			"from": [7.6, 7.93223, 4.1],
			"to": [8.4, 8.73223, 10.125],
			"rotation": {"angle": 45, "axis": "z", "origin": [8, 8.33223, 7.1125]},
			"faces": {
				"north": {"uv": [2, 7.125, 2.125, 7.25], "texture": "#1"},
				"east": {"uv": [5.75, 1.75, 6.5, 1.875], "texture": "#1"},
				"south": {"uv": [2.25, 7.125, 2.375, 7.25], "texture": "#1"},
				"west": {"uv": [5.75, 4, 6.5, 4.125], "texture": "#1"},
				"up": {"uv": [1.375, 6.625, 1.25, 5.875], "texture": "#1"},
				"down": {"uv": [6, 4.25, 5.875, 5], "texture": "#1"}
			}
		},
		{
			"from": [7.375, 9.475, 3.925],
			"to": [8.625, 10.725, 5.95],
			"rotation": {"angle": 45, "axis": "x", "origin": [8, 11.2, 3.55]},
			"faces": {
				"north": {"uv": [7.125, 4.125, 7.25, 4.25], "texture": "#1"},
				"east": {"uv": [7, 1.75, 7.25, 1.875], "texture": "#1"},
				"south": {"uv": [7.125, 4.375, 7.25, 4.5], "texture": "#1"},
				"west": {"uv": [7, 2, 7.25, 2.125], "texture": "#1"},
				"up": {"uv": [7.125, 2.5, 7, 2.25], "texture": "#1"},
				"down": {"uv": [7.125, 2.625, 7, 2.875], "texture": "#1"}
			}
		},
		{
			"from": [7.35, 7.29332, 4.05104],
			"to": [8.65, 9.69332, 5.65104],
			"rotation": {"angle": 0, "axis": "y", "origin": [8, 9.04332, 4.15104]},
			"faces": {
				"north": {"uv": [2.75, 7, 2.875, 7.25], "texture": "#1"},
				"east": {"uv": [6.25, 3.125, 6.5, 3.375], "texture": "#1"},
				"south": {"uv": [3, 7, 3.125, 7.25], "texture": "#1"},
				"west": {"uv": [6.25, 3.5, 6.5, 3.75], "texture": "#1"},
				"up": {"uv": [7.125, 3.25, 7, 3], "texture": "#1"},
				"down": {"uv": [3.375, 7, 3.25, 7.25], "texture": "#1"}
			}
		},
		{
			"from": [7.6, 9.62929, -11.9],
			"to": [8.4, 10.42929, 13.125],
			"rotation": {"angle": 45, "axis": "z", "origin": [8, 10.02929, -3.3875]},
			"faces": {
				"north": {"uv": [4.75, 7.125, 4.875, 7.25], "texture": "#1"},
				"east": {"uv": [3.25, 0, 6.375, 0.125], "texture": "#1"},
				"south": {"uv": [5, 7.125, 5.125, 7.25], "texture": "#1"},
				"west": {"uv": [3.25, 0.25, 6.375, 0.375], "texture": "#1"},
				"up": {"uv": [0.875, 6.25, 0.75, 3.125], "texture": "#1"},
				"down": {"uv": [1.125, 3.125, 1, 6.25], "texture": "#1"}
			}
		}
	],
	"display": {
		"thirdperson_righthand": {
			"translation": [0, 1, -4.5],
			"scale": [0.32, 0.32, 0.32]
		},
		"thirdperson_lefthand": {
			"translation": [0, 1, -4.5],
			"scale": [0.32, 0.32, 0.32]
		},
		"firstperson_righthand": {
			"rotation": [15, 0, 0],
			"translation": [10.25, 3.25, -13.75],
			"scale": [0.59, 0.59, 0.59]
		},
		"firstperson_lefthand": {
			"rotation": [15, 0, 0],
			"translation": [10.25, 3.25, -13.75],
			"scale": [0.59, 0.59, 0.59]
		},
		"ground": {
			"scale": [0.32, 0.32, 0.32]
		},
		"gui": {
			"rotation": [0, 90, 0],
			"scale": [0.3, 0.3, 0.3]
		},
		"fixed": {
			"rotation": [0, 90, 0],
			"translation": [0, 0, -1.25],
			"scale": [0.59, 0.59, 0.59]
		}
	},
	"groups": [
		{
			"name": "group",
			"origin": [8, 8, 8],
			"color": 0,
			"children": [
				0,
				1,
				2,
				3,
				4,
				5,
				6,
				7,
				8,
				9,
				10,
				11,
				12,
				13,
				14,
				15,
				16,
				{
					"name": "group",
					"origin": [8, 4.17548, 25.63327],
					"color": 0,
					"children": [17, 18, 19, 20]
				},
				{
					"name": "group",
					"origin": [8, 10.61782, 16.22025],
					"color": 0,
					"children": [21, 22, 23, 24, 25, 26, 27, 28, 29, 30, 31, 32]
				},
				33,
				34,
				35,
				{
					"name": "group",
					"origin": [6.75, 8.61508, -3.3875],
					"color": 0,
					"children": [36]
				},
				37,
				38,
				{
					"name": "group",
					"origin": [8, 10.1, -11.525],
					"color": 0,
					"children": [39]
				}
			]
		}
	]
}