{
	"credit": "Made with Blockbench by GalaxyLinus",
	"texture_size": [32, 32],
	"textures": {
		"2": "custom/winchester",
		"particle": "custom/winchester"
	},
	"elements": [
		{
			"from": [7.5, 10.575, -11.7],
			"to": [8.5, 11.575, 14.05],
			"rotation": {"angle": 0, "axis": "y", "origin": [7.5, -6.075, -0.25]},
			"faces": {
				"north": {"uv": [8.5, 5.5, 9, 6], "texture": "#2"},
				"east": {"uv": [0, 0, 13, 0.5], "texture": "#2"},
				"south": {"uv": [9.5, 5, 10, 5.5], "texture": "#2"},
				"west": {"uv": [0, 0.5, 13, 1], "texture": "#2"},
				"up": {"uv": [0.5, 14, 0, 1], "texture": "#2"},
				"down": {"uv": [1, 1, 0.5, 14], "texture": "#2"}
			}
		},
		{
			"from": [7.6, 9.85, -11.45],
			"to": [8.4, 10.65, 14.3],
			"rotation": {"angle": 0, "axis": "y", "origin": [7.5, -6, 0]},
			"faces": {
				"north": {"uv": [9.5, 7.5, 10, 8], "texture": "#2"},
				"east": {"uv": [1, 1, 14, 1.5], "texture": "#2"},
				"south": {"uv": [10, 5, 10.5, 5.5], "texture": "#2"},
				"west": {"uv": [1, 1.5, 14, 2], "texture": "#2"},
				"up": {"uv": [1.5, 15, 1, 2], "texture": "#2"},
				"down": {"uv": [2, 2, 1.5, 15], "texture": "#2"}
			}
		},
		{
			"from": [7.475, 6.40016, 26.2],
			"to": [8.525, 9.62516, 31.7],
			"rotation": {"angle": 0, "axis": "y", "origin": [7.95, 8.51266, 27.42903]},
			"faces": {
				"north": {"uv": [8.5, 9, 9, 10.75], "texture": "#2"},
				"east": {"uv": [2, 4, 4.75, 5.75], "texture": "#2"},
				"south": {"uv": [9, 9, 9.5, 10.75], "texture": "#2"},
				"west": {"uv": [4.75, 4, 2, 5.75], "texture": "#2"},
				"up": {"uv": [8, 10.75, 7.5, 8], "texture": "#2"},
				"down": {"uv": [8.5, 8, 8, 10.75], "texture": "#2"}
			}
		},
		{
			"from": [7.45, 10.1, 21.575],
			"to": [8.55, 12.05, 31.925],
			"rotation": {"angle": 22.5, "axis": "x", "origin": [7.95, 9.775, 17.125]},
			"faces": {
				"north": {"uv": [7.5, 3, 8, 4], "texture": "#2"},
				"east": {"uv": [2, 2, 7.25, 3], "texture": "#2"},
				"south": {"uv": [9.5, 4, 10, 5], "texture": "#2"},
				"west": {"uv": [2, 2, 7.25, 3], "texture": "#2"},
				"up": {"uv": [2.5, 11.25, 2, 6], "texture": "#2"},
				"down": {"uv": [3, 6, 2.5, 11.25], "texture": "#2"}
			}
		},
		{
			"from": [7.525, 6.22516, 31.2],
			"to": [8.55, 6.45016, 31.7],
			"rotation": {"angle": 0, "axis": "y", "origin": [8, 8.51266, 27.42903]},
			"faces": {
				"north": {"uv": [11.5, 5, 11.75, 5.25], "texture": "#2"},
				"east": {"uv": [11.5, 5, 11.75, 5.25], "texture": "#2"},
				"south": {"uv": [11.5, 5, 11.75, 5.25], "texture": "#2"},
				"west": {"uv": [11.5, 5, 11.75, 5.25], "texture": "#2"},
				"up": {"uv": [11.5, 5, 11.75, 5.25], "texture": "#2"},
				"down": {"uv": [11.5, 5, 11.75, 5.25], "texture": "#2"}
			}
		},
		{
			"from": [7.5, 6.45956, 24.67897],
			"to": [8.5, 7.73456, 27.00397],
			"rotation": {"angle": -22.5, "axis": "x", "origin": [8, 6.64706, 21.90264]},
			"faces": {
				"north": {"uv": [10, 4, 10.5, 4.75], "texture": "#2"},
				"east": {"uv": [8.5, 8, 9.75, 8.75], "texture": "#2"},
				"south": {"uv": [10, 8.5, 10.5, 9.25], "texture": "#2"},
				"west": {"uv": [9, 5.5, 10.25, 6.25], "texture": "#2"},
				"up": {"uv": [9.5, 7.75, 9, 6.5], "texture": "#2"},
				"down": {"uv": [4.5, 9.5, 4, 10.75], "texture": "#2"}
			}
		},
		{
			"from": [8, 10.45, 19.075],
			"to": [8, 13.525, 20.725],
			"rotation": {"angle": 22.5, "axis": "x", "origin": [8, 9.775, 17.125]},
			"faces": {
				"north": {"uv": [0, 0, 0, 1.5], "texture": "#2"},
				"east": {"uv": [8.5, 4, 9.25, 5.5], "texture": "#2"},
				"south": {"uv": [0, 0, 0, 1.5], "texture": "#2"},
				"west": {"uv": [6, 8.5, 6.75, 10], "texture": "#2"},
				"up": {"uv": [0, 0.75, 0, 0], "texture": "#2"},
				"down": {"uv": [0, 0, 0, 0.75], "texture": "#2"}
			}
		},
		{
			"from": [7.525, 11.22383, 14.94437],
			"to": [8.475, 11.62383, 15.54437],
			"rotation": {"angle": 45, "axis": "x", "origin": [8, 11.42383, 13.14437]},
			"faces": {
				"north": {"uv": [2.5, 11.5, 3, 11.75], "texture": "#2"},
				"east": {"uv": [11.5, 6, 11.75, 6.25], "texture": "#2"},
				"south": {"uv": [3, 11.5, 3.5, 11.75], "texture": "#2"},
				"west": {"uv": [11.5, 6.5, 11.75, 6.75], "texture": "#2"},
				"up": {"uv": [12, 3.25, 11.5, 3], "texture": "#2"},
				"down": {"uv": [4, 11.5, 3.5, 11.75], "texture": "#2"}
			}
		},
		{
			"from": [7.5002, 10.0002, 14.0502],
			"to": [8.4998, 11.5748, 19.7998],
			"rotation": {"angle": 0, "axis": "y", "origin": [7.5, -6, 0]},
			"faces": {
				"north": {"uv": [10, 9.5, 10.5, 10.25], "texture": "#2"},
				"east": {"uv": [3, 6, 6, 6.75], "texture": "#2"},
				"south": {"uv": [10.5, 3, 11, 3.75], "texture": "#2"},
				"west": {"uv": [6, 6, 9, 6.75], "texture": "#2"},
				"up": {"uv": [8.5, 6, 8, 3], "texture": "#2"},
				"down": {"uv": [7.5, 8, 7, 11], "texture": "#2"}
			}
		},
		{
			"from": [7.501, 9.03843, 18.09204],
			"to": [8.499, 10.68643, 19.26504],
			"rotation": {"angle": 45, "axis": "x", "origin": [8, 9.86243, 18.67854]},
			"faces": {
				"north": {"uv": [10.5, 4, 11, 4.75], "texture": "#2"},
				"east": {"uv": [4.5, 10.5, 5, 11.25], "texture": "#2"},
				"south": {"uv": [10.5, 5, 11, 5.75], "texture": "#2"},
				"west": {"uv": [10.5, 6, 11, 6.75], "texture": "#2"},
				"up": {"uv": [7.5, 11.5, 7, 11], "texture": "#2"},
				"down": {"uv": [8, 11, 7.5, 11.5], "texture": "#2"}
			}
		},
		{
			"from": [7.501, 8.86464, 18.5116],
			"to": [8.499, 10.51264, 18.9096],
			"rotation": {"angle": 0, "axis": "y", "origin": [8, 9.68864, 18.3231]},
			"faces": {
				"north": {"uv": [10.5, 7, 11, 7.75], "texture": "#2"},
				"east": {"uv": [11, 8.5, 11.25, 9.25], "texture": "#2"},
				"south": {"uv": [10.5, 8, 11, 8.75], "texture": "#2"},
				"west": {"uv": [9, 11, 9.25, 11.75], "texture": "#2"},
				"up": {"uv": [12, 3.75, 11.5, 3.5], "texture": "#2"},
				"down": {"uv": [12, 4, 11.5, 4.25], "texture": "#2"}
			}
		},
		{
			"from": [7.501, 9.50584, 18.58514],
			"to": [8.499, 11.15384, 19.75814],
			"rotation": {"angle": -22.5, "axis": "x", "origin": [8, 10.00484, 20.35914]},
			"faces": {
				"north": {"uv": [10.5, 9, 11, 9.75], "texture": "#2"},
				"east": {"uv": [10, 10.5, 10.5, 11.25], "texture": "#2"},
				"south": {"uv": [10.5, 10, 11, 10.75], "texture": "#2"},
				"west": {"uv": [11, 3, 11.5, 3.75], "texture": "#2"},
				"up": {"uv": [11.5, 8, 11, 7.5], "texture": "#2"},
				"down": {"uv": [8.5, 11, 8, 11.5], "texture": "#2"}
			}
		},
		{
			"from": [7.525, 9.575, 14.725],
			"to": [8.475, 10.1, 19.525],
			"rotation": {"angle": 0, "axis": "y", "origin": [7.5, -6, 0]},
			"faces": {
				"north": {"uv": [4.5, 11.5, 5, 11.75], "texture": "#2"},
				"east": {"uv": [9.5, 2, 12, 2.25], "texture": "#2"},
				"south": {"uv": [11.5, 4.5, 12, 4.75], "texture": "#2"},
				"west": {"uv": [9.5, 2.5, 12, 2.75], "texture": "#2"},
				"up": {"uv": [5.5, 11, 5, 8.5], "texture": "#2"},
				"down": {"uv": [6, 8.5, 5.5, 11], "texture": "#2"}
			}
		},
		{
			"from": [7.5, 10.15, 18.325],
			"to": [8.5, 12.025, 21.725],
			"rotation": {"angle": 22.5, "axis": "x", "origin": [8, 9.775, 17.125]},
			"faces": {
				"north": {"uv": [4.5, 9.5, 5, 10.5], "texture": "#2"},
				"east": {"uv": [7, 7, 8.75, 8], "texture": "#2"},
				"south": {"uv": [9.5, 6.5, 10, 7.5], "texture": "#2"},
				"west": {"uv": [7.5, 2, 9.25, 3], "texture": "#2"},
				"up": {"uv": [3.5, 11.25, 3, 9.5], "texture": "#2"},
				"down": {"uv": [4, 9.5, 3.5, 11.25], "texture": "#2"}
			}
		},
		{
			"from": [7.525, 9.10484, 18.85914],
			"to": [8.475, 10.70484, 19.98414],
			"rotation": {"angle": 45, "axis": "x", "origin": [8, 10.00484, 20.35914]},
			"faces": {
				"north": {"uv": [4, 11, 4.5, 11.75], "texture": "#2"},
				"east": {"uv": [11, 4, 11.5, 4.75], "texture": "#2"},
				"south": {"uv": [5, 11, 5.5, 11.75], "texture": "#2"},
				"west": {"uv": [11, 5, 11.5, 5.75], "texture": "#2"},
				"up": {"uv": [11.5, 8.5, 11, 8], "texture": "#2"},
				"down": {"uv": [9, 11, 8.5, 11.5], "texture": "#2"}
			}
		},
		{
			"from": [7.75, 7.2597, 17.48503],
			"to": [8.25, 9.6347, 20.91003],
			"rotation": {"angle": 0, "axis": "y", "origin": [8, 9.1847, 19.67253]},
			"faces": {
				"north": {"uv": [5.5, 11, 5.75, 12.25], "texture": "#2"},
				"east": {"uv": [3, 7, 4.75, 8.25], "texture": "#2"},
				"south": {"uv": [11, 6, 11.25, 7.25], "texture": "#2"},
				"west": {"uv": [5, 7, 6.75, 8.25], "texture": "#2"},
				"up": {"uv": [9.75, 10.75, 9.5, 9], "texture": "#2"},
				"down": {"uv": [6.25, 10, 6, 11.75], "texture": "#2"}
			}
		},
		{
			"from": [7.775, 7.80517, 21.06802],
			"to": [8.225, 9.00517, 24.44302],
			"rotation": {"angle": 22.5, "axis": "x", "origin": [8, 9.1847, 19.67253]},
			"faces": {
				"north": {"uv": [9.5, 11, 9.75, 11.75], "texture": "#2"},
				"east": {"uv": [3, 8.5, 4.75, 9.25], "texture": "#2"},
				"south": {"uv": [11, 9.5, 11.25, 10.25], "texture": "#2"},
				"west": {"uv": [8.5, 3, 10.25, 3.75], "texture": "#2"},
				"up": {"uv": [6.75, 11.75, 6.5, 10], "texture": "#2"},
				"down": {"uv": [10.25, 6.5, 10, 8.25], "texture": "#2"}
			}
		}
	],
	"gui_light": "front",
	"display": {
		"thirdperson_righthand": {
			"rotation": [89.75, 0, 0],
			"translation": [0, 6, -1.5],
			"scale": [0.9, 0.9, 0.9]
		},
		"thirdperson_lefthand": {
			"rotation": [89.75, 0, 0],
			"translation": [0, 6, -1.5],
			"scale": [0.9, 0.9, 0.9]
		},
		"firstperson_righthand": {
			"rotation": [14, 0, 0],
			"translation": [2, 6.5, -9.75]
		},
		"firstperson_lefthand": {
			"rotation": [14, 0, 0],
			"translation": [2, 8.75, -10]
		},
		"gui": {
			"rotation": [80.5, 51.5, -73],
			"translation": [-1.25, 0.25, 0],
			"scale": [0.52, 0.52, 0.52]
		},
		"head": {
			"rotation": [90, 0, 90],
			"translation": [9.75, -9.5, 4]
		},
		"fixed": {
			"rotation": [0, -90, 0],
			"translation": [1, -2.5, -1],
			"scale": [1.61, 1.61, 1.61]
		}
	},
	"groups": [
		{
			"name": "group",
			"origin": [8, 8, 8],
			"color": 0,
			"children": [
				0,
				1,
				{
					"name": "group",
					"origin": [8, 12.64706, 21.90264],
					"color": 0,
					"children": [2, 3, 4, 5]
				},
				6,
				{
					"name": "group",
					"origin": [8, 16.00484, 20.35914],
					"color": 0,
					"children": [7, 8, 9, 10, 11, 12, 13, 14]
				},
				15,
				16
			]
		}
	]
}